Id,Label,Weight,Year
A. Elantably,A. Elantably,0.5,2017
Aamer Jaleel,Aamer Jaleel,0.2,2019
Aaron Carpenter,Aaron Carpenter,2,2011
Abbas BanaiyanMofrad,Abbas BanaiyanMofrad,1,2013
Abbas Eslami Kiasari,Abbas Eslami Kiasari,1,2013
Abbas Mazloumi,Abbas Mazloumi,1,2015
Abbas Sheibanyrad,Abbas Sheibanyrad,2.333333333,2006
Abdelkarim Mercha,Abdelkarim Mercha,0.25,2011
Abdoulaye Gamati¨¦,Abdoulaye Gamati¨¦,0.333333333,2017
Abhijit Das 0002,Abhijit Das 0002,1,2018
Abhishek Das,Abhishek Das,1,2012
Abhishek Vashist,Abhishek Vashist,1,2018
Achim Nohl,Achim Nohl,0.142857143,2004
Ad M. G. Peeters,Ad M. G. Peeters,0.333333333,2002
Adam Kaplan,Adam Kaplan,0.333333333,2008
Adam Kostrzewa,Adam Kostrzewa,2,2016
Adam S. Hartman,Adam S. Hartman,0.5,2010
Aditi Kulkarni Mohite,Aditi Kulkarni Mohite,0.5,2017
Aditya Narayan,Aditya Narayan,1.083333333,2019
Adnan Aziz,Adnan Aziz,0.333333333,2007
Adrian Colaso,Adrian Colaso,0.25,2012
Adrian Schiechel,Adrian Schiechel,0.5,2019
Adrijean Andriahantenaina,Adrijean Andriahantenaina,1,2003
Ad¨¢n Kohler,Ad¨¢n Kohler,2,2009
Ahmad Samih,Ahmad Samih,1,2013
Ahmed Abousamra,Ahmed Abousamra,3,2011
Ahmed Amine Jerraya,Ahmed Amine Jerraya,1.116666667,2004
Ahmed Hemani,Ahmed Hemani,1.125,2002
Ahmed Jerraya,Ahmed Jerraya,0.25,2010
Ahmed Louri,Ahmed Louri,4.25,2008
Ahsen Ejaz,Ahsen Ejaz,1,2018
Ajay Joshi,Ajay Joshi,3.916666667,2009
Akash Kumar 0001,Akash Kumar 0001,1.333333333,2013
Akbar Sharifi,Akbar Sharifi,1,2010
Akhilesh Kumar,Akhilesh Kumar,0.25,2013
Akram Ben Ahmed,Akram Ben Ahmed,1,2018
Al Davis,Al Davis,0.75,2011
Alain Clouard,Alain Clouard,0.25,2005
Alain Fourmigue,Alain Fourmigue,1.5,2011
Alain Greiner,Alain Greiner,3.916666667,2003
Alain M¨¦rigot,Alain M¨¦rigot,0.25,2010
Alain Phommahaxay,Alain Phommahaxay,0.043478261,2011
Alan Burns,Alan Burns,1.5,2008
Alan J. Hu,Alan J. Hu,0.25,2006
Alan Rolf Mickelson,Alan Rolf Mickelson,0.333333333,2009
Alan Smith,Alan Smith,0.2,2020
Albert Cabellos-Aparicio,Albert Cabellos-Aparicio,1.333333333,2013
Albert M. Young,Albert M. Young,0.090909091,2007
Alberto Celin,Alberto Celin,0.5,2016
Alberto Garc¨ªa Ortiz,Alberto Garc¨ªa Ortiz,0.333333333,2018
Alberto Ghiribaldi,Alberto Ghiribaldi,2.033333333,2013
Alberto L. Sangiovanni-Vincentelli,Alberto L. Sangiovanni-Vincentelli,0.142857143,2001
Alberto Scandurra,Alberto Scandurra,0.2,2004
Aleksandr Biberman,Aleksandr Biberman,2,2007
Alenka G. Zajic,Alenka G. Zajic,0.333333333,2011
Alessandro Capotondi,Alessandro Capotondi,0.333333333,2014
Alessandro Cilardo,Alessandro Cilardo,0.5,2016
Alessandro Pilia,Alessandro Pilia,0.333333333,2010
Alessandro Strano,Alessandro Strano,2,2009
Alex Bobrek,Alex Bobrek,1,2004
Alex K. Jones,Alex K. Jones,1.75,2010
Alex Yakovlev,Alex Yakovlev,0.416666667,2014
Alexander Biewer,Alexander Biewer,1,2014
Alexander G. Schwing,Alexander G. Schwing,0.2,2019
Alexander Hall,Alexander Hall,0.333333333,2009
Alexander Sprintson,Alexander Sprintson,0.666666667,2010
Alexander Stegmeier,Alexander Stegmeier,0.333333333,2017
Alexander Tschiene,Alexander Tschiene,1,2014
Alexandre Briere,Alexandre Briere,0.142857143,2014
Alexandre Coelho,Alexandre Coelho,1,2018
Alexandre Guerre,Alexandre Guerre,1,2010
Alexandre M. Amory,Alexandre M. Amory,3.333333333,2005
Alexandre Valentian,Alexandre Valentian,0.142857143,2009
Alexandre Yakovlev,Alexandre Yakovlev,1.9,2007
Alexandros Daglis,Alexandros Daglis,1,2015
Alexandros G. Dimakis,Alexandros G. Dimakis,0.25,2015
Ali Afzali-Kusha,Ali Afzali-Kusha,0.533333333,2009
Ali Ahmadinia,Ali Ahmadinia,0.5,2005
Ali Bakhoda,Ali Bakhoda,1,2010
Ali Shafiee,Ali Shafiee,0.5,2012
Aliaksei Chapyzhenka,Aliaksei Chapyzhenka,0.25,2007
Aline Mello,Aline Mello,2.333333333,2004
Alireza Ejlali,Alireza Ejlali,2,2007
Alistair C. Bruce,Alistair C. Bruce,0.25,2009
Almutaz Adileh,Almutaz Adileh,0.5,2019
Alois C. Knoll,Alois C. Knoll,0.2,2012
Alok Garg,Alok Garg,0.5,2010
Alok N. Choudhary,Alok N. Choudhary,0.566666667,2009
Alon Amir,Alon Amir,0.166666667,2002
Altamiro Amadeu Susin,Altamiro Amadeu Susin,1.083333333,2003
Alvin R. Lebeck,Alvin R. Lebeck,0.5,2001
Amer Baghdadi,Amer Baghdadi,1.333333333,2004
Amin Ansari,Amin Ansari,1,2014
Amin Rezaei,Amin Rezaei,1,2016
Amir Charif,Amir Charif,0.5,2018
Amir Kavyan Ziabari,Amir Kavyan Ziabari,1,2015
Amir-Mohammad Rahmani,Amir-Mohammad Rahmani,2.333333333,2011
Amirhossein Mirhosseini,Amirhossein Mirhosseini,1.5,2017
Amisha Parikh,Amisha Parikh,0.166666667,2001
Amit Kumar 0002,Amit Kumar 0002,3.333333333,2004
Amit Kumar Singh 0002,Amit Kumar Singh 0002,2.583333333,2013
Amit Verma,Amit Verma,1,2013
Amlan Ganguly,Amlan Ganguly,7.033333333,2009
Ammar Karkar,Ammar Karkar,2,2014
Amr Helmy,Amr Helmy,0.5,2007
An-Yeu Wu,An-Yeu Wu,0.65,2007
Anand Raghunathan,Anand Raghunathan,1.333333333,2004
Ananda Samajdar,Ananda Samajdar,1,2017
Anant Agarwal,Anant Agarwal,1.683333333,2007
Ananth Kalyanaraman,Ananth Kalyanaraman,0.833333333,2015
Anantha Chandrakasan,Anantha Chandrakasan,0.4,2012
Anantha P. Chandrakasan,Anantha P. Chandrakasan,1.041666667,2013
Anastasios Psarras,Anastasios Psarras,2,2014
Anatoly Sherman,Anatoly Sherman,0.142857143,2002
Anca Mariana Molnos,Anca Mariana Molnos,0.5,2012
Andrea Calimera,Andrea Calimera,0.25,2018
Andrea Marongiu,Andrea Marongiu,1.125,2012
Andrea Mineo,Andrea Mineo,3.5,2014
Andreas Hansson,Andreas Hansson,7,2005
Andreas Herkersdorf,Andreas Herkersdorf,0.894444444,2010
Andreas Lankes,Andreas Lankes,1,2010
Andreas Raabe,Andreas Raabe,0.333333333,2012
Andreas Steininger,Andreas Steininger,0.5,2014
Andreas Weichslgartner,Andreas Weichslgartner,1.2,2011
Andreas Wieferink,Andreas Wieferink,1,2004
Andreas Zankl,Andreas Zankl,0.333333333,2018
Andreas Zwinkau,Andreas Zwinkau,0.333333333,2014
Andrei Radulescu,Andrei Radulescu,3.2,2003
Andres Mejia,Andres Mejia,0.75,2007
Andrew B. Kahng,Andrew B. Kahng,5.2,2009
Andrew D. Brown,Andrew D. Brown,0.125,2013
Andrew DeOrio,Andrew DeOrio,2.5,2009
Andrew Mihal,Andrew Mihal,0.333333333,2001
Andrew West,Andrew West,1,2004
Andr¨¦ Ivanov,Andr¨¦ Ivanov,3.027777778,2003
Andr¨¦a Pinna,Andr¨¦a Pinna,0.1,2014
Anh Nguyen,Anh Nguyen,0.5,2002
Anh Thien Tran,Anh Thien Tran,1.111111111,2009
Anil Kanduri,Anil Kanduri,0.5,2015
Anil Krishna,Anil Krishna,0.333333333,2013
Aniruddh Ramrakhyani,Aniruddh Ramrakhyani,2,2017
Aniruddha N. Udipi,Aniruddha N. Udipi,2,2010
Anita Tino,Anita Tino,1.5,2011
Anja Boos,Anja Boos,0.166666667,2014
Anjun Gu,Anjun Gu,0.5,2016
Ankit Jain,Ankit Jain,0.142857143,2009
Ankit Singh Rawat,Ankit Singh Rawat,0.333333333,2015
Ankit Sinha,Ankit Sinha,0.5,2018
Ann Opdebeeck,Ann Opdebeeck,0.04,2011
Anouk Van Laer,Anouk Van Laer,1,2015
Anthony Chun,Anthony Chun,0.333333333,2007
Anthony T. Jacobson,Anthony T. Jacobson,0.2,2009
Anthony Xu,Anthony Xu,0.5,2004
Antoine Jalabert,Antoine Jalabert,1,2004
Antoni Roca 0001,Antoni Roca 0001,1.083333333,2010
Antonio Deledda,Antonio Deledda,1,2008
Antonio Pullini,Antonio Pullini,3.198924731,2005
Antonis Psathakis,Antonis Psathakis,1,2014
Antti Airola,Antti Airola,0.5,2015
Anuj Pathania,Anuj Pathania,1,2018
Anup Das 0001,Anup Das 0001,2,2013
Anwesha Chatterjee,Anwesha Chatterjee,0.5,2020
Ao Tang,Ao Tang,0.583333333,2011
Arash AziziMazreah,Arash AziziMazreah,0.5,2018
Arash Firuzan,Arash Firuzan,1,2018
Arash Tavakkol,Arash Tavakkol,1.5,2009
Ari Kulmala,Ari Kulmala,0.5,2007
Armin Runge,Armin Runge,2,2016
Arnab Banerjee,Arnab Banerjee,3.5,2007
Arnaud Grasset,Arnaud Grasset,0.2,2008
Arno Moonen,Arno Moonen,0.333333333,2008
Arpan Vaidya,Arpan Vaidya,0.5,2014
Arpit Joshi,Arpit Joshi,1,2011
Arseni Vitkovski,Arseni Vitkovski,1.333333333,2008
Arunabha Sen,Arunabha Sen,0.5,2009
Arvind P. Singh,Arvind P. Singh,0.902777778,2007
Arvind Ramanathan,Arvind Ramanathan,0.333333333,2015
Arya Balachandran,Arya Balachandran,0.5,2017
Ashkan Beyranvand Nejad,Ashkan Beyranvand Nejad,1.333333333,2009
Ashkan Eghbal,Ashkan Eghbal,0.833333333,2015
Ashok V. Krishnamoorthy,Ashok V. Krishnamoorthy,0.291666667,2010
Ashwini Sarathy,Ashwini Sarathy,0.5,2008
Asit K. Mishra,Asit K. Mishra,5.583333333,2008
Assaf Shacham,Assaf Shacham,6,2007
Atefe Dalirsani,Atefe Dalirsani,0.5,2007
Atsushi Matsumoto,Atsushi Matsumoto,0.5,2011
Atsuya Okazaki,Atsuya Okazaki,0.5,2007
Augusto Erichsen,Augusto Erichsen,0.5,2013
Aurang Zaib,Aurang Zaib,0.5,2014
Avinash Karanth,Avinash Karanth,0.666666667,2019
Avinash Karanth Kodi,Avinash Karanth Kodi,6.333333333,2008
Avinash Kodi,Avinash Kodi,0.5,2018
Avinoam Kolodny,Avinoam Kolodny,3.366666667,2004
Awet Yemane Weldezion,Awet Yemane Weldezion,1.2,2009
Axel Jantsch,Axel Jantsch,8.85,2002
Axel Siebenborn,Axel Siebenborn,1,2004
Ayan Mandal,Ayan Mandal,2,2012
Aydin O. Balkan,Aydin O. Balkan,1,2008
Ayed Alqahtani 0001,Ayed Alqahtani 0001,0.5,2017
Ayse K. Coskun,Ayse K. Coskun,1.476923077,2014
Azad Naeemi,Azad Naeemi,1,2007
Babak Falsafi,Babak Falsafi,0.45,2012
Baik Song An,Baik Song An,0.5,2012
Baohua Wang,Baohua Wang,1,2009
Baojun Qiao,Baojun Qiao,0.111111111,2009
Bardo Lang,Bardo Lang,0.166666667,2008
Baris Taskin,Baris Taskin,0.583333333,2019
Bart De Wachter,Bart De Wachter,0.037037037,2011
Bart Mesman,Bart Mesman,0.533333333,2003
Bart Vandevelde,Bart Vandevelde,0.076923077,2011
Bart Vermeulen,Bart Vermeulen,3,2003
Bashir M. Al-Hashimi,Bashir M. Al-Hashimi,2.033333333,2006
Behnam Khaleghi,Behnam Khaleghi,0.333333333,2016
Behnaz Soltani,Behnaz Soltani,0.333333333,2017
Behrad Niazmand,Behrad Niazmand,1.5,2015
Behram Khan,Behram Khan,0.5,2012
Behrooz A. Shirazi,Behrooz A. Shirazi,0.45,2013
Bella Bose,Bella Bose,0.333333333,2018
Benjamin Belzer,Benjamin Belzer,1.251190476,2009
Benjamin G. Lee,Benjamin G. Lee,1.2,2007
Benjamin Glas,Benjamin Glas,0.5,2009
Benjamin J. Fletcher,Benjamin J. Fletcher,1,2019
Benjamin Klenk,Benjamin Klenk,1,2020
Benjamin P. Kempke,Benjamin P. Kempke,0.2,2015
Benny Akesson,Benny Akesson,1.5,2007
Benny Sheinman,Benny Sheinman,0.333333333,2015
Benoit Ganne,Benoit Ganne,0.2,2013
Beno?t Charbonnier,Beno?t Charbonnier,0.125,2020
Beno?t Dupont de Dinechin,Beno?t Dupont de Dinechin,3,2013
Berkehan Ciftcioglu,Berkehan Ciftcioglu,0.333333333,2010
Bernhard E. Boser,Bernhard E. Boser,0.5,1992
Bertrand Granado,Bertrand Granado,0.090909091,2014
Betty Livshitz,Betty Livshitz,0.2,2002
Bevan M. Baas,Bevan M. Baas,0.404761905,2009
Bharadwaj Veeravalli,Bharadwaj Veeravalli,0.666666667,2013
Bharan Giridhar,Bharan Giridhar,0.2,2013
Bhavya K. Daya,Bhavya K. Daya,3.5,2012
Bill Lin,Bill Lin,2.333333333,2010
Bin Li 0018,Bin Li 0018,3,2008
Bing Li,Bing Li,1.333333333,2016
Bing Li 0005,Bing Li 0005,0.2,2018
Bing Li 0017,Bing Li 0017,0.5,2019
Bing Wang,Bing Wang,0.2,2017
Binzhang Fu,Binzhang Fu,3.25,2010
Biresh Kumar Joardar,Biresh Kumar Joardar,5,2017
Biswajit Bhowmik,Biswajit Bhowmik,1,2017
Bo Fu,Bo Fu,1.5,2009
Bo Wang,Bo Wang,1,2020
Bo Yuan,Bo Yuan,0.2,2015
Bo Zhao 0007,Bo Zhao 0007,1.833333333,2009
Boqian Wang,Boqian Wang,2,2019
Boris Grot,Boris Grot,4.866666667,2008
Boris Vaisband,Boris Vaisband,1,2019
Borislav Nikolic,Borislav Nikolic,0.333333333,2018
Bowen Zheng,Bowen Zheng,0.333333333,2017
Bram Nauta,Bram Nauta,0.2,2009
Brett Feero,Brett Feero,1,2009
Brett H. Meyer,Brett H. Meyer,1,2010
Brian Greskamp,Brian Greskamp,0.333333333,2014
Brian Lebiednik,Brian Lebiednik,1,2018
Brian McGinley,Brian McGinley,0.166666667,2012
Brian Towles,Brian Towles,1.7,2001
Brian Vanderpool,Brian Vanderpool,0.2,2015
Bruce Edwards,Bruce Edwards,0.2,2007
Bruno Forlin,Bruno Forlin,0.5,2018
Bruno Girodias,Bruno Girodias,0.5,2007
Bryan A. Brady,Bryan A. Brady,1,2011
Bryan D. Ackland,Bryan D. Ackland,0.333333333,2002
Bryan Gardiner,Bryan Gardiner,0.25,2020
Byeong Min,Byeong Min,0.5,2008
Cagla Cakir,Cagla Cakir,1,2015
Calin Ciordas,Calin Ciordas,0.75,2003
Cameron Patterson,Cameron Patterson,0.166666667,2013
Camille Jalier,Camille Jalier,1,2010
Carl Ramey,Carl Ramey,0.166666667,2007
Carles Hern¨¢ndez,Carles Hern¨¢ndez,2.833333333,2010
Carlo Condo,Carlo Condo,1,2012
Caro Lucas,Caro Lucas,0.333333333,2008
Carsten Albrecht,Carsten Albrecht,0.333333333,2006
Casen Hunger,Casen Hunger,1,2015
Cedric Duperrier,Cedric Duperrier,0.076923077,2014
Cedric Killian,Cedric Killian,0.5,2017
Cedric Koch-Hofer,Cedric Koch-Hofer,1,2007
Celine Azar,Celine Azar,1,2013
Cesar Albenes Zeferino,Cesar Albenes Zeferino,2.2,2003
Cezar Reinbrecht,Cezar Reinbrecht,1.5,2009
Chamath Ellawala,Chamath Ellawala,0.5,2015
Changhyun Kim,Changhyun Kim,0.5,2014
Changkyu Kim,Changkyu Kim,1,2006
Changlin Chen,Changlin Chen,2,2012
Chanhee Oh,Chanhee Oh,0.333333333,2001
Chantal Robach,Chantal Robach,0.366666667,2007
Chao Chen 0003,Chao Chen 0003,1,2014
Chao-Ching Wang,Chao-Ching Wang,0.166666667,2009
Chao-Han Huck Yang,Chao-Han Huck Yang,0.5,2019
Chaochao Feng,Chaochao Feng,1.5,2013
Charalambos Koutsides,Charalambos Koutsides,0.333333333,2015
Charles Effiong,Charles Effiong,1,2017
Charles Gruenwald III,Charles Gruenwald III,0.25,2010
Charles Lefurgy,Charles Lefurgy,0.333333333,2011
Chen Li 0015,Chen Li 0015,0.333333333,2017
Chen Sun,Chen Sun,2.5,2010
Chen-Ling Chou,Chen-Ling Chou,5,2008
Cheng Tan 0002,Cheng Tan 0002,1,2018
Chetan Arvind Patil,Chetan Arvind Patil,0.5,2018
Chi-Neng Wen,Chi-Neng Wen,0.333333333,2009
Chi-Ying Tsui,Chi-Ying Tsui,1.983333333,2006
Chia-Hsin Owen Chen,Chia-Hsin Owen Chen,3.916666667,2010
Chia-Lin Yang,Chia-Lin Yang,0.5,2010
Chien-Chih Chen,Chien-Chih Chen,0.5,2009
Chien-Heng Wong,Chien-Heng Wong,0.5,2019
Chifeng Wang,Chifeng Wang,1,2011
Chih-Hao Chao,Chih-Hao Chao,2.5,2007
Ching-Te Chiu,Ching-Te Chiu,0.5,2011
Chinna Prudvi,Chinna Prudvi,0.5,2015
Chintan Patel,Chintan Patel,0.25,2020
Chita R. Das,Chita R. Das,3.192857143,2005
Chiu-sing Choy,Chiu-sing Choy,0.5,2008
Chong Zhang,Chong Zhang,0.25,2017
Chouki Aktouf,Chouki Aktouf,0.5,2007
Chris Craik,Chris Craik,0.5,2011
Chris Fallin,Chris Fallin,2,2011
Christian Bernard,Christian Bernard,0.25,2020
Christian Buckl,Christian Buckl,0.25,2012
Christian Fensch,Christian Fensch,0.5,2009
Christian Haubelt,Christian Haubelt,0.916666667,2008
Christian Maciocco,Christian Maciocco,0.25,2013
Christian Masson,Christian Masson,0.333333333,2007
Christian Mellwig,Christian Mellwig,0.5,2017
Christian Neeb,Christian Neeb,1,2005
Christian Paukovits,Christian Paukovits,1,2008
Christian Roland,Christian Roland,0.80952381,2018
Christian Schwarz,Christian Schwarz,0.333333333,2011
Christine Watnik,Christine Watnik,0.125,2009
Christof Teuscher,Christof Teuscher,1.166666667,2011
Christoph Roth,Christoph Roth,0.333333333,2009
Christophe Bobda,Christophe Bobda,1,2005
Christophe Moy,Christophe Moy,0.333333333,2014
Christopher Batten,Christopher Batten,1.4,2009
Christopher Celio,Christopher Celio,0.166666667,2010
Christopher Nitta,Christopher Nitta,2,2011
Christos Kozyrakis,Christos Kozyrakis,0.5,2010
Chrysostomos Nicopoulos,Chrysostomos Nicopoulos,5.083333333,2005
Chun-Hsian Huang,Chun-Hsian Huang,0.5,2010
Chung-Kai Liu,Chung-Kai Liu,0.25,2011
Chung-Ta King,Chung-Ta King,0.7,2010
Chunhua Wang,Chunhua Wang,0.2,2014
Chunhua Xiao,Chunhua Xiao,0.25,2019
Chunyue Liu,Chunyue Liu,0.5,2010
Chyi-Chang Miao,Chyi-Chang Miao,0.125,2007
Ciprian Seiculescu,Ciprian Seiculescu,4.5,2009
Clark Roberts,Clark Roberts,0.083333333,2008
Claude Basso,Claude Basso,0.25,2015
Claudia Rusu,Claudia Rusu,0.333333333,2010
Claudio Mucci,Claudio Mucci,0.5,2008
Clint L. Schow,Clint L. Schow,0.2,2017
Colin J. Ihrig,Colin J. Ihrig,1,2010
Cong Wang,Cong Wang,0.166666667,2017
Costas Iordanou,Costas Iordanou,1,2014
Crescenzo D'Alessandro,Crescenzo D'Alessandro,2.033333333,2007
Crisp¨ªn G¨®mez Requena,Crisp¨ªn G¨®mez Requena,0.75,2009
Cristian Grecu,Cristian Grecu,4.625,2003
Cristian Soviani,Cristian Soviani,1,2006
Cristina Silvano,Cristina Silvano,0.533333333,2008
Cristina Torregiani,Cristina Torregiani,0.166666667,2011
Cristinel Ababei,Cristinel Ababei,2,2011
Cruz Izu,Cruz Izu,0.25,2014
Cuong Pham-Quoc,Cuong Pham-Quoc,1,2013
Cyriel Minkenberg,Cyriel Minkenberg,0.5,2015
C¨¦dric Killian,C¨¦dric Killian,0.5,2019
C¨¦dric Quendo,C¨¦dric Quendo,0.166666667,2018
C¨¦sar A. M. Marcon,C¨¦sar A. M. Marcon,1.333333333,2005
C¨¦sar Fuguet Tortolero,C¨¦sar Fuguet Tortolero,0.416666667,2019
D. Humphreys,D. Humphreys,0.5,2014
D. N. Jayasimha,D. N. Jayasimha,0.25,2007
Dae Hyun Kim,Dae Hyun Kim,0.25,2020
Daichi Fujiki,Daichi Fujiki,1.5,2017
Daihan Wang,Daihan Wang,0.583333333,2008
Daisuke Ikebuchi,Daisuke Ikebuchi,0.333333333,2010
Daisuke Sasaki,Daisuke Sasaki,0.333333333,2011
Dake Liu,Dake Liu,0.5,2003
Damien Saint-Patrice,Damien Saint-Patrice,0.1,2020
Dan Corcos,Dan Corcos,0.25,2015
Dan Fay,Dan Fay,0.5,2009
Dan Gibson,Dan Gibson,0.25,2009
Dan Perry,Dan Perry,0.058823529,2011
Dan Zhao,Dan Zhao,1,2012
Dan Zhao 0001,Dan Zhao 0001,2.333333333,2008
Danella Zhao,Danella Zhao,0.5,2016
Daniel A. Jim¨¦nez,Daniel A. Jim¨¦nez,0.2,2011
Daniel Chillet,Daniel Chillet,0.45,2017
Daniel E. Holcomb,Daniel E. Holcomb,0.5,2011
Daniel Gebhardt,Daniel Gebhardt,4,2008
Daniel Greenfield,Daniel Greenfield,1,2007
Daniel Mueller-Gritschneder,Daniel Mueller-Gritschneder,0.833333333,2013
Daniel S¨¢nchez 0003,Daniel S¨¢nchez 0003,1,2010
Daniel U. Becker,Daniel U. Becker,1,2012
Daniel Wiklund,Daniel Wiklund,1,2003
Daniele Ludovici,Daniele Ludovici,3.333333333,2009
Danilo Pani,Danilo Pani,0.5,2010
Dani?l Schinkel,Dani?l Schinkel,1,2009
Danny Elad,Danny Elad,0.2,2015
Danyao Wang,Danyao Wang,1,2011
Dar¨ªo Su¨¢rez Gracia,Dar¨ªo Su¨¢rez Gracia,0.5,2014
David A. Sig¨¹enza-Tortosa,David A. Sig¨¹enza-Tortosa,0.5,2004
David Arditti Ilitzky,David Arditti Ilitzky,0.5,2007
David Atienza,David Atienza,1.75,2005
David Coriat,David Coriat,0.2,2020
David E. Shaw,David E. Shaw,0.416666667,2013
David Fick,David Fick,2.5,2009
David Finan,David Finan,0.285714286,2007
David Goren,David Goren,1,2002
David Greenberg,David Greenberg,0.2,2007
David H. Albonesi,David H. Albonesi,0.333333333,2009
David Kinniment,David Kinniment,0.25,2007
David Ohmann,David Ohmann,1,2014
David R. Kaeli,David R. Kaeli,0.2,2015
David R. Lester,David R. Lester,0.142857143,2013
David T. Blaauw,David T. Blaauw,2.001190476,2001
David W. Matolak,David W. Matolak,0.583333333,2011
David Wentzlaff,David Wentzlaff,1,2007
David Wolpert 0001,David Wolpert 0001,1.5,2009
David Z. Pan,David Z. Pan,0.7,2009
Davide Bertozzi,Davide Bertozzi,5.919444444,2004
Davide Giri,Davide Giri,1,2018
Davide Patti,Davide Patti,0.8,2015
Davide Zoni,Davide Zoni,1,2013
Dean M. Tullsen,Dean M. Tullsen,0.333333333,2005
Dean Michael Ancajas,Dean Michael Ancajas,3.5,2013
Dean Nguyen Truong,Dean Nguyen Truong,1,2009
Dean Truong,Dean Truong,0.5,2009
Debayan Roy,Debayan Roy,1,2017
Dejan Filipovic,Dejan Filipovic,0.166666667,2009
Deming Chen,Deming Chen,0.25,2019
Denis Dutoit,Denis Dutoit,1.654761905,2011
Deniz Kabakci,Deniz Kabakci,0.5,2011
Dennis Abts,Dennis Abts,1.333333333,2007
Dennis Sylvester,Dennis Sylvester,0.816666667,2009
Depeng Jin,Depeng Jin,0.333333333,2008
Deuk Hyoun Heo,Deuk Hyoun Heo,1.102777778,2010
Deukhyoun Heo,Deukhyoun Heo,0.333333333,2017
Dhiraj K. Pradhan,Dhiraj K. Pradhan,0.25,2008
Di Zhu 0002,Di Zhu 0002,2.5,2014
Diana Marculescu,Diana Marculescu,1.666666667,2007
Didier Lattard,Didier Lattard,2,2008
Didier Varreau,Didier Varreau,0.125,2009
Diederik Verkest,Diederik Verkest,0.666666667,2004
Dimitri Ktenas,Dimitri Ktenas,0.166666667,2011
Dimitri Linten,Dimitri Linten,0.125,2011
Dimitrios Velenis,Dimitrios Velenis,0.090909091,2011
Dimitris Giannopoulos,Dimitris Giannopoulos,1,2018
Dinesh Kumar Sharma,Dinesh Kumar Sharma,0.5,2016
Dinesh Pamunuwa,Dinesh Pamunuwa,1.666666667,2009
Dionisios N. Pnevmatikatos,Dionisios N. Pnevmatikatos,1.416666667,2007
Dionysios Kouroussis,Dionysios Kouroussis,1,2003
Dionysios Manessis,Dionysios Manessis,0.333333333,2018
Dip Goswami,Dip Goswami,0.333333333,2017
Dmitri Vainbrand,Dmitri Vainbrand,1,2010
Dominic DiTomaso,Dominic DiTomaso,4,2011
Dominique Borrione,Dominique Borrione,1,2007
Donald E. Thomas,Donald E. Thomas,0.533333333,2004
Donald Kline Jr.,Donald Kline Jr.,1,2015
Donald Newell,Donald Newell,0.125,2011
Dong Wu,Dong Wu,1,2006
Dong Xiang,Dong Xiang,0.5,2014
Donghyun Kim,Donghyun Kim,1,2007
Dongki Kim,Dongki Kim,1,2010
Dongkook Park,Dongkook Park,4.416666667,2005
Dongkun Shin,Dongkun Shin,1,2004
Doowon Lee,Doowon Lee,2,2014
Doug A. Edwards,Doug A. Edwards,0.5,2009
Doug Burger,Doug Burger,0.485714286,2006
Douglas M. Blough,Douglas M. Blough,0.5,2004
Drew Penney,Drew Penney,0.5,2020
Drew Wingard,Drew Wingard,1.25,2005
Duco van Amstel,Duco van Amstel,0.5,2014
Duncan Moore,Duncan Moore,0.071428571,2010
Duo Ding,Duo Ding,1,2009
Duoli Zhang,Duoli Zhang,0.2,2017
E. Graeme Chester,E. Graeme Chester,0.333333333,2009
Eberle A. Rambo,Eberle A. Rambo,4,2014
Eby G. Friedman,Eby G. Friedman,1.083333333,2007
Ed van Tuijl,Ed van Tuijl,0.25,2009
Edith Beign¨¦,Edith Beign¨¦,4.5,2005
Edoardo Fusella,Edoardo Fusella,1,2016
Edouard Bugnion,Edouard Bugnion,0.333333333,2015
Edson I. Moreno,Edson I. Moreno,0.25,2005
Eduard Alarc¨®n,Eduard Alarc¨®n,1.416666667,2013
Eduard Ayguad¨¦,Eduard Ayguad¨¦,0.125,2015
Eduard S?ckinger,Eduard S?ckinger,1,1992
Eduardo Qui?ones,Eduardo Qui?ones,0.2,2016
Eduardo Wenzel Bri?o,Eduardo Wenzel Bri?o,0.5,2005
Eduardo W?chter,Eduardo W?chter,1,2013
Edward H. Frank,Edward H. Frank,1,2000
Edwin Rijpkema,Edwin Rijpkema,1.916666667,2003
Egor S. Sogomonyan,Egor S. Sogomonyan,0.25,2006
Eisse Mensink,Eisse Mensink,0.5,2009
Eitan Zahavi,Eitan Zahavi,1,2011
El Mostapha Aboulhamid,El Mostapha Aboulhamid,0.25,2011
Elaheh Bozorgzadeh,Elaheh Bozorgzadeh,0.833333333,2005
Elena Kakoulli,Elena Kakoulli,1.25,2014
Emanuel M. Popovici,Emanuel M. Popovici,0.5,2011
Emmanouil Kalligeros,Emmanouil Kalligeros,0.833333333,2012
Emmanuel Juin,Emmanuel Juin,0.4,2007
Emmanuelle Bourdel,Emmanuelle Bourdel,0.0625,2014
Enric Herrero,Enric Herrero,1,2010
Enrico Valli,Enrico Valli,1,2007
Enrique Vallejo 0001,Enrique Vallejo 0001,0.5,2019
Eran Socher,Eran Socher,0.166666667,2008
Eren Unlu,Eren Unlu,1,2014
Erfan Azarkhish,Erfan Azarkhish,1,2013
Eric A. M. Klumperink,Eric A. M. Klumperink,0.333333333,2009
Eric Beyne,Eric Beyne,0.027777778,2011
Eric Guthmuller,Eric Guthmuller,0.5,2013
Eric Morton,Eric Morton,0.166666667,2020
Eric W. Work,Eric W. Work,0.090909091,2009
Erik Brockmeyer,Erik Brockmeyer,0.5,2007
Erik Fischer,Erik Fischer,1.5,2013
Erland Nilsson,Erland Nilsson,2,2003
Ernesto Villegas Castillo,Ernesto Villegas Castillo,1,2014
Erno Salminen,Erno Salminen,1.2,2007
Erwin Waterlander,Erwin Waterlander,0.142857143,2003
Eui-Young Chung,Eui-Young Chung,0.333333333,2010
Eun Jung Kim 0001,Eun Jung Kim 0001,2.35,2007
Eun-Gu Jung,Eun-Gu Jung,0.25,2009
Eustace Painkras,Eustace Painkras,1,2013
Evangelia Kasapaki,Evangelia Kasapaki,1.25,2012
Evangelos Mageiropoulos,Evangelos Mageiropoulos,0.333333333,2018
Everton Carara,Everton Carara,2,2009
Evgeni Krimer,Evgeni Krimer,1,2009
Evgeny Bolotin,Evgeny Bolotin,4,2004
Ewerson Carvalho,Ewerson Carvalho,1,2007
Ewerson Luiz de Souza Carvalho,Ewerson Luiz de Souza Carvalho,1,2010
Eyal Friedman,Eyal Friedman,0.333333333,2005
Fabiano Hessel,Fabiano Hessel,0.166666667,2005
Fabien Clermidy,Fabien Clermidy,6,2005
Fabien Mieyeville,Fabien Mieyeville,0.45,2004
Fabio Campi,Fabio Campi,0.066666667,2008
Fahimeh Farahnakian,Fahimeh Farahnakian,0.333333333,2012
Fahimeh Jafari,Fahimeh Jafari,2,2010
Faizal Arya Samman,Faizal Arya Samman,1,2008
Fan Ye 0001,Fan Ye 0001,0.25,2014
Faraydon Karim,Faraydon Karim,1,2002
Farid N. Najm,Farid N. Najm,0.5,2003
Farinaz Koushanfar,Farinaz Koushanfar,0.5,2008
Fawaz Alazemi,Fawaz Alazemi,1,2018
Fearghal Morgan,Fearghal Morgan,0.142857143,2012
Federico Angiolini,Federico Angiolini,5.564583333,2004
Federico Silla,Federico Silla,0.976190476,2010
Fei Xia,Fei Xia,0.333333333,2011
Feihui Li,Feihui Li,2,2006
Fen Ge,Fen Ge,0.333333333,2015
Feng Shi,Feng Shi,0.5,2009
Feng Yuan,Feng Yuan,1,2008
Fernanda Lima Kastensmidt,Fernanda Lima Kastensmidt,0.333333333,2009
Fernando Gehm Moraes,Fernando Gehm Moraes,3.45,2004
Fernando Moraes 0001,Fernando Moraes 0001,1.083333333,2005
Finbar Naven,Finbar Naven,0.25,2005
Florentine Dubois,Florentine Dubois,2,2011
Florian Brandner,Florian Brandner,1.2,2012
Florian Darve,Florian Darve,0.5,2011
Florian Kriebel,Florian Kriebel,0.166666667,2015
Florian Ries,Florian Ries,0.125,2008
Fl¨¢vio Rech Wagner,Fl¨¢vio Rech Wagner,1.333333333,2003
Francesca Palumbo,Francesca Palumbo,1,2010
Francesco Galluppi,Francesco Galluppi,0.2,2013
Francesco Lertora,Francesco Lertora,1,2005
Francesco Robino,Francesco Robino,1,2014
Francisco Gilabert Villam¨®n,Francisco Gilabert Villam¨®n,2.5,2008
Francisco J. Cazorla,Francisco J. Cazorla,0.166666667,2016
Francky Catthoor,Francky Catthoor,0.166666667,2005
Frank Gilbert,Frank Gilbert,1,2003
Fran?ois Bertrand,Fran?ois Bertrand,0.25,2007
Fran?ois Jacquet,Fran?ois Jacquet,0.142857143,2013
Fran?ois P¨ºcheux,Fran?ois P¨ºcheux,0.083333333,2014
Fred Chen,Fred Chen,0.5,2009
Frederic Drillet,Frederic Drillet,0.166666667,2014
Frederic T. Chong,Frederic T. Chong,0.75,2013
Frederic Worm,Frederic Worm,1,2005
Freek Verbeek,Freek Verbeek,3,2010
Friedbert Berens,Friedbert Berens,0.142857143,2008
Fr¨¦d¨¦ric Gaffiot,Fr¨¦d¨¦ric Gaffiot,0.333333333,2004
Fr¨¦d¨¦ric P¨¦trot,Fr¨¦d¨¦ric P¨¦trot,1.366666667,2008
Fr¨¦d¨¦ric Riss,Fr¨¦d¨¦ric Riss,0.1,2013
G. Edward Suh,G. Edward Suh,1.5,2009
Gabriel H. Loh,Gabriel H. Loh,0.620634921,2016
Gabriel Marchesan Almeida,Gabriel Marchesan Almeida,0.5,2011
Gabriel Rodr¨ªguez 0001,Gabriel Rodr¨ªguez 0001,0.25,2019
Gabriela Nicolescu,Gabriela Nicolescu,1.5,2007
Gabriele Miorandi,Gabriele Miorandi,1.833333333,2014
Gang Qu,Gang Qu,0.5,2008
Ganghee Lee,Ganghee Lee,0.5,2003
Gaoming Du,Gaoming Du,3,2014
Gary Wicks,Gary Wicks,0.076923077,2010
Ge Zhang,Ge Zhang,0.25,2008
Geert Van der Plas,Geert Van der Plas,1,2011
Gennette Gill,Gennette Gill,1,2011
Geoffray Lacourba,Geoffray Lacourba,0.333333333,2011
George Kurian,George Kurian,3,2010
George Michelogiannakis,George Michelogiannakis,5.666666667,2007
Georgi Gaydadjiev,Georgi Gaydadjiev,0.2,2009
Georgi Nedeltchev Gaydadjiev,Georgi Nedeltchev Gaydadjiev,0.476190476,2009
Georgios Manetas,Georgios Manetas,0.5,2013
Georgios Tsiligiannis,Georgios Tsiligiannis,1,2012
Gerard J. M. Smit,Gerard J. M. Smit,0.833333333,2005
Gerard K. Rauwerda,Gerard K. Rauwerda,0.333333333,2005
Gerd Ascheid,Gerd Ascheid,0.25,2004
Gerhard P. Fettweis,Gerhard P. Fettweis,1.833333333,2011
Gert Jervan,Gert Jervan,0.366666667,2015
Gert Schley,Gert Schley,0.5,2010
Gianluca Biccari,Gianluca Biccari,0.5,2012
Gianluca Palermo,Gianluca Palermo,1,2008
Giannis Vardas,Giannis Vardas,0.25,2018
Gilbert Hendry,Gilbert Hendry,3.333333333,2009
Gilles Sassatelli,Gilles Sassatelli,1.083333333,2010
Giorgos Dimitrakopoulos,Giorgos Dimitrakopoulos,2.033333333,2012
Giorgos Passas,Giorgos Passas,2,2010
Giovanni Beltrame,Giovanni Beltrame,0.5,2011
Giovanni De Micheli,Giovanni De Micheli,9.835714286,2002
Girish Varatkar,Girish Varatkar,2,2002
Giulia Santoro,Giulia Santoro,1,2018
Giuseppe Ascia,Giuseppe Ascia,2.583333333,2004
Giuseppe Longo,Giuseppe Longo,0.5,2008
Giuseppe Maruccia,Giuseppe Maruccia,0.404761905,2004
Glenn Reinman,Glenn Reinman,0.783333333,2008
Gnaneswara Rao Jonna,Gnaneswara Rao Jonna,1,2014
Gokhan Memik,Gokhan Memik,1.083333333,2009
Goran Konjevod,Goran Konjevod,0.666666667,2005
Gouri Landge,Gouri Landge,0.166666667,2009
Greg M. Link,Greg M. Link,1.5,2004
Greg Nazario,Greg Nazario,0.5,2012
Greg Sadowski,Greg Sadowski,0.166666667,2017
Greg Thorson,Greg Thorson,0.333333333,2020
Gregor Snelting,Gregor Snelting,0.125,2014
Gregory K. Chen,Gregory K. Chen,0.476190476,2009
Gregory Ruhl,Gregory Ruhl,0.666666667,2007
Gu-Yeon Wei,Gu-Yeon Wei,0.333333333,2005
Guangyu Chen,Guangyu Chen,2,2008
Guangyu Sun 0003,Guangyu Sun 0003,1.166666667,2010
Guanyu Liu,Guanyu Liu,0.25,2017
Guido Masera,Guido Masera,0.333333333,2012
Guihai Yan,Guihai Yan,0.5,2013
Guilherme Montez Guindani,Guilherme Montez Guindani,1,2009
Guillaume Lager,Guillaume Lager,0.25,2014
Gul N. Khan,Gul N. Khan,1.5,2011
Gunnar Braun,Gunnar Braun,0.166666667,2004
Guojie Li,Guojie Li,0.166666667,2009
Guoling Han,Guoling Han,0.333333333,2006
Guopeng Wei,Guopeng Wei,1.333333333,2011
Guruprasad Katti,Guruprasad Katti,0.1,2011
Gustavo Gir?o,Gustavo Gir?o,1.833333333,2011
Guy Bois,Guy Bois,0.2,2011
Guy G. Lemieux,Guy G. Lemieux,0.5,2009
Guy Gogniat,Guy Gogniat,0.5,2007
Guy Lemieux,Guy Lemieux,0.166666667,2006
Gwan Choi,Gwan Choi,0.25,2010
Gwangsun Kim,Gwangsun Kim,2,2014
Gyouho Kim,Gyouho Kim,0.166666667,2015
H. Jonathan Chao,H. Jonathan Chao,1,2010
Habib Mehrez,Habib Mehrez,0.25,2007
Hadi Mardani Kamali,Hadi Mardani Kamali,0.5,2017
Hai Li,Hai Li,0.25,2020
Hai Li 0001,Hai Li 0001,0.25,2019
Haifeng Xu,Haifeng Xu,0.5,2015
Haiyu Huang,Haiyu Huang,0.333333333,2009
Hamed Sajjadi Kia,Hamed Sajjadi Kia,0.5,2011
Hamid Sarbazi-Azad,Hamid Sarbazi-Azad,2.866666667,2009
Hang Lu,Hang Lu,1,2013
Hangsheng Wang,Hangsheng Wang,2.5,2003
Hanjoon Kim,Hanjoon Kim,2.5,2014
Hannu Tenhunen,Hannu Tenhunen,2.078571429,2009
Hans-Joachim Wunderlich,Hans-Joachim Wunderlich,1,2015
Hao Lu 0001,Hao Lu 0001,0.5,2017
Hao Wang 0011,Hao Wang 0011,0.333333333,2019
Hao Zheng 0005,Hao Zheng 0005,1,2019
Hao-Yu Wang,Hao-Yu Wang,0.666666667,2010
Haoran Li,Haoran Li,0.236111111,2015
Haoyuan Ying,Haoyuan Ying,1,2013
Harald Bucher,Harald Bucher,0.333333333,2018
Haris Javaid,Haris Javaid,1.5,2014
Harshad Kasture,Harshad Kasture,0.5,2010
Haseeb Bokhari,Haseeb Bokhari,3.5,2014
Hassan M. G. Wassel,Hassan M. G. Wassel,1,2013
Hayder Mrabet,Hayder Mrabet,0.5,2007
Hayoung Choi,Hayoung Choi,0.5,2018
Hazem Moussa,Hazem Moussa,2,2007
Hazhir Bakhishi,Hazhir Bakhishi,0.25,2017
Heather Hanson,Heather Hanson,0.583333333,2007
Heba Khdr,Heba Khdr,0.2,2015
Heiko Zimmer,Heiko Zimmer,1,2003
Heinrich Meyr,Heinrich Meyr,0.2,2004
Helmut Reinig,Helmut Reinig,0.533333333,2010
Hemanta Kumar Mondal,Hemanta Kumar Mondal,1.833333333,2016
Hengyi Liang,Hengyi Liang,1,2017
Henk Corporaal,Henk Corporaal,0.833333333,2007
Henri Casanova,Henri Casanova,0.50952381,2015
Henrique C. Freitas,Henrique C. Freitas,1,2009
Henry Hoffmann,Henry Hoffmann,0.333333333,2007
Henry Kao,Henry Kao,0.5,2019
Herb Schwetman,Herb Schwetman,0.666666667,2010
Herman Oprins,Herman Oprins,0.2,2011
Herman Schmit,Herman Schmit,0.333333333,2004
Hermann Kopetz,Hermann Kopetz,0.5,2008
Herv¨¦ Charlery,Herv¨¦ Charlery,0.5,2003
Herv¨¦ Tatenguem Fankem,Herv¨¦ Tatenguem Fankem,0.95,2014
Hesam Shabani,Hesam Shabani,1.333333333,2019
Hideharu Amano,Hideharu Amano,3.788888889,2008
Hiroki Matsutani,Hiroki Matsutani,9.533333333,2008
Hiroshi Nakahara,Hiroshi Nakahara,1,2017
Hiroshi Nakamura,Hiroshi Nakamura,0.290909091,2010
Hiroyuki Usui,Hiroyuki Usui,0.25,2013
Hoi-Jun Yoo,Hoi-Jun Yoo,0.7,2006
Hong Bin,Hong Bin,0.333333333,2004
Hong Li,Hong Li,0.166666667,2016
Hongbo Zeng,Hongbo Zeng,0.5,2008
Hongyi Lu,Hongyi Lu,0.25,2008
Hongyi Wu,Hongyi Wu,0.25,2016
Hossein Farrokhbakht,Hossein Farrokhbakht,3.5,2016
Howard Wilson,Howard Wilson,0.4,2007
Hsien-Hsin S. Lee,Hsien-Hsin S. Lee,0.333333333,2004
Huawei Li,Huawei Li,0.833333333,2010
Huaxi Gu,Huaxi Gu,2,2009
Hui Li 0034,Hui Li 0034,2,2015
Hui Wu,Hui Wu,0.490909091,2010
Hui Xu,Hui Xu,0.5,2013
Hui Zhao 0013,Hui Zhao 0013,1.5,2010
Hung-Lin Chao,Hung-Lin Chao,1,2012
Hwasoo Yeo,Hwasoo Yeo,0.25,2014
Hyojun Son,Hyojun Son,1,2019
Hyoukjun Kwon,Hyoukjun Kwon,2.533333333,2017
Hyung Gyu Lee,Hyung Gyu Lee,2,2006
Hyungjun Kim,Hyungjun Kim,1.666666667,2009
Hyunjun Jang,Hyunjun Jang,2,2012
H¨¦l¨¨ne Lhermet,H¨¦l¨¨ne Lhermet,0.333333333,2009
I. Kotleas,I. Kotleas,1,2014
I. Seitanidis,I. Seitanidis,1.5,2014
Ian H. White,Ian H. White,1,2008
Ian Johnson,Ian Johnson,0.5,2005
Ian O'Connor,Ian O'Connor,2.451190476,2004
Ian Swarbrick,Ian Swarbrick,0.333333333,2005
Ibis Benito,Ibis Benito,0.5,2007
Ichiro Ogura,Ichiro Ogura,0.5,2016
Idit Keidar,Idit Keidar,0.666666667,2007
Igor L. Markov,Igor L. Markov,0.333333333,2008
Igor Loi,Igor Loi,4.833333333,2008
Igor M. Reis,Igor M. Reis,0.2,2005
Ihsan El Masri,Ihsan El Masri,1,2018
Ikki Fujiwara,Ikki Fujiwara,1.666666667,2014
Ilija Hadzic,Ilija Hadzic,0.5,2006
Imran Shamim,Imran Shamim,0.4,2009
Ingrid De Wolf,Ingrid De Wolf,0.066666667,2011
Ioannis Savidis,Ioannis Savidis,0.166666667,2010
Ioannis Seitanidis,Ioannis Seitanidis,1,2016
Ioannis Sourdis,Ioannis Sourdis,0.333333333,2018
Iou-Jen Liu,Iou-Jen Liu,0.5,2019
Isaac Keslassy,Isaac Keslassy,0.666666667,2008
Isask'har Walter,Isask'har Walter,2.7,2007
Ishan G. Thakkar,Ishan G. Thakkar,3.333333333,2016
Ismail Kadayif,Ismail Kadayif,0.2,2001
Israel A. Wagner,Israel A. Wagner,0.125,2002
Israel Cidon,Israel Cidon,7.333333333,2004
Itamar Cohen,Itamar Cohen,1,2008
Itir Akgun,Itir Akgun,0.5,2017
Ivan Miro Panades,Ivan Miro Panades,4.833333333,2006
Ivan Perez 0004,Ivan Perez 0004,1,2019
J. Gregory Steffan,J. Gregory Steffan,0.333333333,2011
J. P. Grossman,J. P. Grossman,0.5,2014
J. Ramanujam,J. Ramanujam,0.5,2001
Jaafar Gaber,Jaafar Gaber,0.333333333,2009
Jaan Raik,Jaan Raik,0.583333333,2015
Jack Holloway,Jack Holloway,0.5,2000
Jacob Murray,Jacob Murray,1.5,2013
Jacob S. Levy,Jacob S. Levy,0.166666667,2011
Jae W. Lee,Jae W. Lee,2,2008
Jae Young Hur,Jae Young Hur,0.333333333,2008
Jae-Yeon Won,Jae-Yeon Won,1,2014
Jaechul Lee,Jaechul Lee,1,2019
Jagadish Kotra,Jagadish Kotra,0.5,2015
Jagan Muralidharan,Jagan Muralidharan,0.5,2015
James C. Hoe,James C. Hoe,1,2011
James C. Sturm,James C. Sturm,0.1,2016
James D. Balfour,James D. Balfour,0.75,2009
James D. Meindl,James D. Meindl,0.333333333,2007
James McCabe Nickerson,James McCabe Nickerson,0.5,2013
James Psota,James Psota,0.333333333,2010
James W. Tschanz,James W. Tschanz,0.333333333,2007
Jan Heisswolf,Jan Heisswolf,1.5,2013
Jan M. Rabaey,Jan M. Rabaey,0.166666667,2001
Jan Madsen,Jan Madsen,0.166666667,2005
Jan Olaf Blech,Jan Olaf Blech,0.5,2012
Jan Van Olmen,Jan Van Olmen,0.045454545,2011
Jan Willem van den Brand,Jan Willem van den Brand,1,2007
Janardhan Rao Doppa,Janardhan Rao Doppa,3.45,2016
Jane Bromley,Jane Bromley,0.333333333,1992
Janibul Bashir,Janibul Bashir,1,2019
Jari Nurmi,Jari Nurmi,0.583333333,2004
Jarrod A. Roy,Jarrod A. Roy,1,2008
Jason Cong,Jason Cong,3.5,2006
Jason E. Miller,Jason E. Miller,1.9,2010
Jason Howard,Jason Howard,1,2007
Jason McNeely,Jason McNeely,0.5,2011
Jason Oberg,Jason Oberg,0.333333333,2013
Jatindra Kumar Deka,Jatindra Kumar Deka,0.5,2017
Jaume Abella,Jaume Abella,0.333333333,2016
Javier Navaridas,Javier Navaridas,1.5,2012
Javier de San Pedro,Javier de San Pedro,1.5,2012
Jean Charbonnier,Jean Charbonnier,0.333333333,2020
Jean Durupt,Jean Durupt,0.833333333,2007
Jean-Marc Brault,Jean-Marc Brault,0.333333333,2012
Jean-Philippe Diguet,Jean-Philippe Diguet,2.875,2007
Jef L. van Meerbergen,Jef L. van Meerbergen,0.7,2002
Jeff Draper,Jeff Draper,0.333333333,2009
Jeff Nicholls,Jeff Nicholls,0.5,2012
Jeffrey D. Hoffman,Jeffrey D. Hoffman,1,2007
Jeffrey E. Nelson,Jeffrey E. Nelson,0.333333333,2004
Jeffrey T. Draper,Jeffrey T. Draper,0.333333333,2010
Jelena Trajkovic,Jelena Trajkovic,0.833333333,2011
Jens Gladigau,Jens Gladigau,0.5,2014
Jens Spars?,Jens Spars?,4.2,2005
Jeong-Gun Lee,Jeong-Gun Lee,0.333333333,2007
Jeremy Chan,Jeremy Chan,1,2004
Jeremy Lee,Jeremy Lee,1,2006
Jeremy W. Webb,Jeremy W. Webb,0.083333333,2009
Jerome Cann,Jerome Cann,0.333333333,2007
Jes¨²s Camacho Villanueva,Jes¨²s Camacho Villanueva,0.166666667,2010
Ji Qi,Ji Qi,1,2014
Ji-Xiang Wan,Ji-Xiang Wan,0.333333333,2015
Jia Huang,Jia Huang,1,2012
Jia Zhan,Jia Zhan,3,2013
Jia Zhao,Jia Zhao,0.5,2010
Jia-Cheng Wu,Jia-Cheng Wu,0.5,2010
Jian Huang 0006,Jian Huang 0006,0.166666667,2019
Jian Li,Jian Li,0.333333333,2011
Jian Li 0059,Jian Li 0059,1.142857143,2010
Jian Wang,Jian Wang,0.5,2009
Jian Wu,Jian Wu,0.333333333,2007
Jianbo Dong,Jianbo Dong,0.333333333,2010
Jiang Chau Wang,Jiang Chau Wang,0.333333333,2014
Jiang Hu,Jiang Hu,0.7,2012
Jiang Xu 0001,Jiang Xu 0001,5.486111111,2004
Jianhui Jiang,Jianhui Jiang,0.25,2019
Jianliang Gao,Jianliang Gao,1,2012
Jianping Xu,Jianping Xu,0.333333333,2014
Jianxin Wang,Jianxin Wang,0.5,2012
Jianyun Hu,Jianyun Hu,1.25,2010
Jiating Luo,Jiating Luo,1,2017
Jiaxin Li,Jiaxin Li,0.2,2009
Jiayi Huang,Jiayi Huang,0.5,2017
Jie Wu 0001,Jie Wu 0001,0.5,2009
Jie Xu,Jie Xu,0.333333333,2011
Jieming Yin,Jieming Yin,3.333333333,2016
Jieqiong Du,Jieqiong Du,1,2019
Jifeng Liu,Jifeng Liu,0.2,2010
Jih-Sheng Shen,Jih-Sheng Shen,1,2010
Jihong Kim,Jihong Kim,0.5,2004
Jim D. Garside,Jim D. Garside,0.333333333,2013
Jim Harkin,Jim Harkin,1,2012
Jim Holt,Jim Holt,0.142857143,2014
Jim Plusquellic,Jim Plusquellic,0.333333333,2006
Jimson Mathew,Jimson Mathew,0.333333333,2008
Jin Hu,Jin Hu,0.5,2009
Jin Ouyang,Jin Ouyang,0.833333333,2013
Jinchun Kim,Jinchun Kim,0.5,2015
Jing Xue,Jing Xue,1,2010
Jingbo Jiang,Jingbo Jiang,0.5,2018
Jingcao Hu,Jingcao Hu,6.75,2003
Jingyang Zhu,Jingyang Zhu,1,2018
Jinho Lee,Jinho Lee,1,2013
Jinn-Shyan Wang,Jinn-Shyan Wang,0.142857143,2009
Jinwook Oh,Jinwook Oh,0.25,2010
Jishen Zhao,Jishen Zhao,0.25,2015
JoAnn M. Paul,JoAnn M. Paul,0.25,2004
Jochen Zimmermann,Jochen Zimmermann,0.5,2007
Joe Chou,Joe Chou,0.5,2005
Joel Hestness,Joel Hestness,2,2009
Joel Ortiz Sosa,Joel Ortiz Sosa,2,2018
Joel Porquet,Joel Porquet,1,2011
Johanna Sep¨²lveda,Johanna Sep¨²lveda,0.25,2018
John B. Carter,John B. Carter,0.25,2009
John Bainbridge,John Bainbridge,1.5,2002
John D. Davis,John D. Davis,0.5,2008
John D. Owens,John D. Owens,1,2007
John Dielissen,John Dielissen,1.75,2003
John E. Bowers 0001,John E. Bowers 0001,0.166666667,2017
John F. Brown III,John F. Brown III,0.111111111,2007
John Jose,John Jose,1,2014
John Kim,John Kim,6.742857143,2007
John Kubiatowicz,John Kubiatowicz,0.1,2009
John M. Dallesasse,John M. Dallesasse,0.533333333,2019
John Magerlein,John Magerlein,0.111111111,2007
John Recchio,John Recchio,0.125,2016
John Shalf,John Shalf,0.583333333,2009
John Wawrzynek,John Wawrzynek,0.333333333,2009
Johnnie Chan,Johnnie Chan,2.95,2009
Johnny ?berg,Johnny ?berg,1.583333333,2002
Jon K. Lexau,Jon K. Lexau,0.333333333,2015
Jonas Diemer,Jonas Diemer,2.666666667,2009
Jonathan Eastep,Jonathan Eastep,0.392857143,2010
Jonathan Klamkin,Jonathan Klamkin,0.416666667,2014
Jongman Kim,Jongman Kim,3.666666667,2005
Jongmin Won,Jongmin Won,1,2015
Joo-Young Kim 0001,Joo-Young Kim 0001,1.333333333,2007
Jordi Cortadella,Jordi Cortadella,0.916666667,2010
Jordi Petit,Jordi Petit,0.25,2013
Jos Huisken,Jos Huisken,0.25,2009
Jose Flich,Jose Flich,5.25,2005
Jose Manuel Mendias,Jose Manuel Mendias,0.25,2005
Josep Carmona,Josep Carmona,0.333333333,2012
Josep Torrellas,Josep Torrellas,0.25,2014
Joseph C. Kerekes,Joseph C. Kerekes,0.5,2009
Joseph Williams,Joseph Williams,1,2002
Joshua J. Pieper,Joshua J. Pieper,0.5,2004
Joshua San Miguel,Joshua San Miguel,1.666666667,2015
Josue Sanz-Robinson,Josue Sanz-Robinson,0.142857143,2016
Jos¨¦ Cano,Jos¨¦ Cano,2,2011
Jos¨¦ Duato,Jos¨¦ Duato,3.167857143,2005
Jos¨¦ Flich,Jos¨¦ Flich,2.333333333,2011
Jos¨¦ Flich Cardo,Jos¨¦ Flich Cardo,0.5,2016
Jos¨¦ Gonz¨¢lez,Jos¨¦ Gonz¨¢lez,0.5,2010
Jos¨¦ L. Abell¨¢n,Jos¨¦ L. Abell¨¢n,0.5,2015
Jos¨¦ Luis N¨²?ez-Y¨¢?ez,Jos¨¦ Luis N¨²?ez-Y¨¢?ez,0.333333333,2009
Jos¨¦ V. Escamilla,Jos¨¦ V. Escamilla,1,2014
Jos¨¦-¨¢ngel Gregorio,Jos¨¦-¨¢ngel Gregorio,0.833333333,2007
Juan A. Fraire,Juan A. Fraire,0.25,2018
Juan Touri?o,Juan Touri?o,0.2,2019
Juanjo Noguera,Juanjo Noguera,0.25,2007
Jude Angelo Ambrose,Jude Angelo Ambrose,0.333333333,2012
Juha Plosila,Juha Plosila,2.95,2009
Juha-Pekka Soininen,Juha-Pekka Soininen,0.2,2002
Julien Denoulet,Julien Denoulet,0.111111111,2014
Julien Schmaltz,Julien Schmaltz,1.25,2007
Jun Liu 0008,Jun Liu 0008,1,2015
Jun Ma,Jun Ma,0.333333333,2011
Jun Tanabe,Jun Tanabe,0.166666667,2013
Jun Wang,Jun Wang,1,2008
Jun Yang 0002,Jun Yang 0002,1.25,2009
Jun Zhou,Jun Zhou,1,2020
Jun Zhou 0022,Jun Zhou 0022,0.333333333,2016
JunBok You,JunBok You,1.5,2008
Jung Ho Ahn,Jung Ho Ahn,1.142857143,2011
Jungju Oh,Jungju Oh,1,2011
Junhyung Um,Junhyung Um,0.333333333,2009
Junjie Zhang 0001,Junjie Zhang 0001,0.5,2011
Junxiu Liu,Junxiu Liu,0.2,2020
Junyi Qiu,Junyi Qiu,0.5,2020
J?rg Henkel,J?rg Henkel,5.142857143,2004
J?rg Mische,J?rg Mische,1,2017
J¨¹rgen Becker 0001,J¨¹rgen Becker 0001,0.816666667,2008
J¨¹rgen Michel,J¨¹rgen Michel,0.291666667,2010
J¨¹rgen Teich,J¨¹rgen Teich,0.95,2008
K. Naveen,K. Naveen,1,2016
Kai-Pui Lam,Kai-Pui Lam,0.2,2007
Kai-Yuan Jheng,Kai-Yuan Jheng,1,2010
Kambiz Samadi,Kambiz Samadi,0.833333333,2009
Kameswar Rao Vaddina,Kameswar Rao Vaddina,0.7,2011
Kanad Basu,Kanad Basu,0.5,2018
Kanghee Won,Kanghee Won,0.25,2014
Kangmin Lee,Kangmin Lee,1,2006
Kanishka Lahiri,Kanishka Lahiri,2.5,2004
Kannan Raj,Kannan Raj,0.142857143,2012
Karam S. Chatha,Karam S. Chatha,2.333333333,2004
Kari Tiensyrj?,Kari Tiensyrj?,0.142857143,2002
Karthi Duraisamy,Karthi Duraisamy,2.5,2017
Karthik Sangaiah,Karthik Sangaiah,1,2020
Karthikeyan Sankaralingam,Karthikeyan Sankaralingam,0.833333333,2007
Kaven Chun-Kai Chou,Kaven Chun-Kai Chou,0.5,2010
Kazuhiko Kurata,Kazuhiko Kurata,1,2016
Ke Wang 0030,Ke Wang 0030,2,2019
Kees G. W. Goossens,Kees G. W. Goossens,0.5,2003
Kees Goossens,Kees Goossens,13.33333333,2002
Keith Heron,Keith Heron,0.333333333,2007
Ken Mai,Ken Mai,0.25,2015
Kenichiro Yashiki,Kenichiro Yashiki,0.666666667,2016
Kenji Kise,Kenji Kise,0.333333333,2016
Kenneth Eng-Kian Lee,Kenneth Eng-Kian Lee,0.142857143,2017
Kenneth S. Stevens,Kenneth S. Stevens,1.75,2008
Kenneth Tong,Kenneth Tong,0.45,2014
Keren Bergman,Keren Bergman,5.166666667,2007
Kerry Bernstein,Kerry Bernstein,1,2007
Keun Sup Shim,Keun Sup Shim,1.5,2009
Kevin Chang,Kevin Chang,2.666666667,2010
Kevin J. M. Martin,Kevin J. M. Martin,1,2016
Kevin Kai-Wei Chang,Kevin Kai-Wei Chang,0.25,2012
Kevin Macdonald,Kevin Macdonald,0.5,2011
Khalid Latif 0002,Khalid Latif 0002,0.666666667,2011
Khushal Sethi,Khushal Sethi,0.5,2019
Ki Hwan Yum,Ki Hwan Yum,1.083333333,2007
Kim Peters¨¦n,Kim Peters¨¦n,1,2007
Kimiyoshi Usami,Kimiyoshi Usami,0.361111111,2010
Kin-Fai Tong,Kin-Fai Tong,0.5,2015
Kiyo Ishii,Kiyo Ishii,1.5,2016
Kiyoung Choi,Kiyoung Choi,0.75,2003
Klaus D. M¨¹ller-Glaser,Klaus D. M¨¹ller-Glaser,0.2,2009
Klaus Hofmann,Klaus Hofmann,0.333333333,2013
Koen Bertels,Koen Bertels,0.166666667,2013
Konstantinos Aisopos,Konstantinos Aisopos,1.333333333,2011
Korey Sewell,Korey Sewell,0.25,2013
Koushik Chakraborty,Koushik Chakraborty,3,2012
Krishna Saraswat,Krishna Saraswat,0.166666667,2010
Krishna Sekar,Krishna Sekar,1,2005
Krishnan Srinivasan,Krishnan Srinivasan,4,2005
Krishnan Sundaresan,Krishnan Sundaresan,1,2005
Krishnendu Chakrabarty,Krishnendu Chakrabarty,2,2012
Krste Asanovic,Krste Asanovic,1.642857143,2005
Kshitij Bhardwaj,Kshitij Bhardwaj,4,2012
Kshitij Sudan,Kshitij Sudan,0.5,2009
Kuan-Jung Chen,Kuan-Jung Chen,0.5,2018
Kui Dai,Kui Dai,0.2,2008
Kun Huang,Kun Huang,0.333333333,2008
Kun Wang,Kun Wang,0.142857143,2011
Kun-Chih Jimmy Chen,Kun-Chih Jimmy Chen,1,2019
Kun-Lin Lin,Kun-Lin Lin,0.333333333,2018
Kurt Keutzer,Kurt Keutzer,0.25,2001
Kwang-Ting Cheng,Kwang-Ting Cheng,0.642857143,2016
Kwanho Kim,Kwanho Kim,0.7,2007
Kyle Preston,Kyle Preston,0.5,2011
Kyoung-Hwan Lim,Kyoung-Hwan Lim,1,2007
Kyriacos Kalli,Kyriacos Kalli,0.25,2015
Kyu-Myung Choi,Kyu-Myung Choi,0.4,2008
Kyung-Hoae Koo,Kyung-Hoae Koo,0.25,2010
L. J. McDaid,L. J. McDaid,0.333333333,2012
L. Stefanizzi,L. Stefanizzi,0.125,2011
Lambert Leong,Lambert Leong,0.5,2019
Lan Wei,Lan Wei,0.5,2012
Lap-Fai Leung,Lap-Fai Leung,2,2006
Larry Dennison,Larry Dennison,0.25,2020
Laurence Pierre,Laurence Pierre,0.5,2012
Laurence V. Pierre,Laurence V. Pierre,0.333333333,2007
Laurent Carrel,Laurent Carrel,0.5,2004
Laurent Mortiez,Laurent Mortiez,0.25,2003
Lawrence D. Jackel,Lawrence D. Jackel,0.2,1992
Lawrence T. Pileggi,Lawrence T. Pileggi,0.25,2004
Leandro Fiorin,Leandro Fiorin,2.333333333,2008
Leandro M?ller,Leandro M?ller,0.75,2004
Leandro Soares Indrusiak,Leandro Soares Indrusiak,2,2011
Leandros Tzanakis,Leandros Tzanakis,0.2,2018
Lei Gao,Lei Gao,0.333333333,2008
Lei Jiang 0001,Lei Jiang 0001,0.142857143,2019
Lei Wang 0041,Lei Wang 0041,1,2009
Lei Xia,Lei Xia,0.5,2008
Lei Yang 0018,Lei Yang 0018,1,2017
Lei Zhang 0008,Lei Zhang 0008,1.25,2010
Lennart Bamberg,Lennart Bamberg,1,2018
Leonard Masing,Leonard Masing,0.5,2018
Leonardo Kunz,Leonardo Kunz,1,2011
Leonel Tedesco,Leonel Tedesco,0.5,2005
Leonid Oliker,Leonid Oliker,0.090909091,2009
Leonie Ahrendts,Leonie Ahrendts,0.5,2014
Levent E. Aygun,Levent E. Aygun,0.5,2016
Li Jiang 0002,Li Jiang 0002,1,2015
Li Shang,Li Shang,2.583333333,2003
Li Su,Li Su,0.5,2008
Li Zhang,Li Zhang,0.25,2017
Li Zhao 0002,Li Zhao 0002,0.5,2011
Li Zhou,Li Zhou,1,2013
Li-Shiuan Peh,Li-Shiuan Peh,13.29126984,2001
Liam McDaid,Liam McDaid,0.333333333,2020
Licheng Xue,Licheng Xue,1.142857143,2009
Liechao Huang,Liechao Huang,0.2,2016
Lieguang Zeng,Lieguang Zeng,0.25,2008
Lieven Eeckhout,Lieven Eeckhout,0.416666667,2016
Liewei Bao,Liewei Bao,0.25,2007
Lihang Zhao,Lihang Zhao,0.5,2014
Lin Huang,Lin Huang,0.5,2008
Lin Tan 0001,Lin Tan 0001,1,2005
Ling Wang,Ling Wang,1,2020
Lionel C. Kimerling,Lionel C. Kimerling,0.142857143,2010
Lionel Torres,Lionel Torres,0.166666667,2010
Lixin Zhang 0002,Lixin Zhang 0002,0.25,2011
Lizhong Chen,Lizhong Chen,5,2013
Lluc Alvarez,Lluc Alvarez,1,2015
Llu¨ªs Vilanova,Llu¨ªs Vilanova,0.5,2015
Lodewijk T. Smit,Lodewijk T. Smit,0.25,2005
Lorena Anghel,Lorena Anghel,0.5,2010
Lorenzo Pieralisi,Lorenzo Pieralisi,0.333333333,2004
Lothar Thiele,Lothar Thiele,0.25,2013
Louis-No?l Pouchet,Louis-No?l Pouchet,0.333333333,2019
Lounis Zerioul,Lounis Zerioul,0.125,2014
Luan H. K. Duong,Luan H. K. Duong,2.110714286,2014
Luca Benini,Luca Benini,10.4719697,2002
Luca Giovannini,Luca Giovannini,0.333333333,2012
Luca P. Carloni,Luca P. Carloni,6.461111111,2007
Luca Pezzarossa,Luca Pezzarossa,0.5,2016
Luca Ramini,Luca Ramini,4.166666667,2012
Luca Rostagno,Luca Rostagno,0.25,2010
Lucas Mello Schnorr,Lucas Mello Schnorr,0.333333333,2009
Lucia G. Menezo,Lucia G. Menezo,0.333333333,2012
Luciano Bononi,Luciano Bononi,1.833333333,2006
Luciano Ost,Luciano Ost,0.7,2004
Luigi Carro,Luigi Carro,0.5,2003
Luigi Raffo,Luigi Raffo,0.991666667,2005
Luis A. Plana,Luis A. Plana,2.5,2007
Luka Daoud,Luka Daoud,1,2019
Lulwah Alhubail,Lulwah Alhubail,1,2019
Lunkai Zhang,Lunkai Zhang,0.5,2019
Lynford L. Goddard,Lynford L. Goddard,0.25,2020
M. Fantini,M. Fantini,0.2,2011
M. Frank Chang,M. Frank Chang,1,2008
Maarten Wiggers,Maarten Wiggers,0.5,2008
Madhu Mutyam,Madhu Mutyam,1.25,2011
Mahdi Nikdast,Mahdi Nikdast,3.642857143,2010
Mahdi Tala,Mahdi Tala,1,2016
Mahesh Subburaman,Mahesh Subburaman,0.5,2009
Mahmood Fathy,Mahmood Fathy,0.333333333,2012
Mahmut T. Kandemir,Mahmut T. Kandemir,4.15,2001
Man Cheuk Ng,Man Cheuk Ng,1,2008
Manfred Glesner,Manfred Glesner,0.833333333,2006
Mani Azimi,Mani Azimi,0.2,2013
Manil Dev Gomony,Manil Dev Gomony,1,2014
Manish Jain,Manish Jain,0.142857143,2010
Manish Vachharajani,Manish Vachharajani,0.2,2009
Manoj Kumar 0001,Manoj Kumar 0001,1,2014
Manoj Singh Gaur,Manoj Singh Gaur,0.666666667,2014
Manolis Katevenis,Manolis Katevenis,1.833333333,2007
Manu Awasthi,Manu Awasthi,1,2009
Manuel E. Acacio,Manuel E. Acacio,0.333333333,2012
Manupa Karunaratne,Manupa Karunaratne,1.5,2017
Marc Casas,Marc Casas,0.25,2015
Marc Geilen,Marc Geilen,0.25,2005
Marc Gonz¨¢lez,Marc Gonz¨¢lez,0.2,2015
Marc Nelis,Marc Nelis,0.034482759,2011
Marc Poulhi¨¨s,Marc Poulhi¨¨s,0.333333333,2014
Marc Renaudin,Marc Renaudin,0.7,2005
Marcello Coppola,Marcello Coppola,1.583333333,2004
Marcello Lajolo,Marcello Lajolo,0.5,2008
Marcelo Lubaszewski,Marcelo Lubaszewski,1.45,2003
Marcelo Ruaro,Marcelo Ruaro,1,2019
Marco A. Z. Alves,Marco A. Z. Alves,0.5,2009
Marco Balboni,Marco Balboni,2.333333333,2014
Marco Bekooij,Marco Bekooij,0.866666667,2003
Marco Castellari,Marco Castellari,0.5,2016
Marco Sgroi,Marco Sgroi,1,2001
Marcos Herve,Marcos Herve,1,2009
Marcos Horro,Marcos Horro,1,2019
Marcus Eggenberger,Marcus Eggenberger,1,2013
Marcus T. Schmitz,Marcus T. Schmitz,0.333333333,2006
Marghoob Mohiyuddin,Marghoob Mohiyuddin,0.166666667,2009
Mario Badr,Mario Badr,1,2014
Mario Lodde,Mario Lodde,2,2012
Mario Nemirovsky,Mario Nemirovsky,0.7,2013
Mario R. Casu,Mario R. Casu,2,2010
Marius Bonaciu,Marius Bonaciu,0.333333333,2004
Marius Enachescu,Marius Enachescu,0.5,2015
Marjan Asadinia,Marjan Asadinia,1,2011
Mark Buckler,Mark Buckler,1,2014
Mark Clark,Mark Clark,1,2018
Mark Hempstead,Mark Hempstead,0.2,2020
Mark Indovina,Mark Indovina,0.333333333,2018
Mark J. Cianchetti,Mark J. Cianchetti,1,2009
Mark Oskin,Mark Oskin,0.476190476,2008
Mark R. Greenstreet,Mark R. Greenstreet,1.033333333,2006
Mark Rudquist,Mark Rudquist,0.333333333,2015
Mark Zwolinski,Mark Zwolinski,0.642857143,2014
Markus Ringhofer,Markus Ringhofer,0.333333333,2007
Markus Winter 0002,Markus Winter 0002,1,2011
Marta Ort¨ªn,Marta Ort¨ªn,1,2014
Marta Ort¨ªn-Ob¨®n,Marta Ort¨ªn-Ob¨®n,0.7,2014
Marten van Dijk,Marten van Dijk,0.2,2009
Martha Johanna Sep¨²lveda,Martha Johanna Sep¨²lveda,0.333333333,2016
Martha Mercaldi Kim,Martha Mercaldi Kim,1,2008
Martijn Coenen,Martijn Coenen,2.5,2006
Martijn T. Bennebroek,Martijn T. Bennebroek,0.75,2007
Martin Frieb,Martin Frieb,0.25,2017
Martin Lukasiewycz,Martin Lukasiewycz,2,2008
Martin Radetzki,Martin Radetzki,2.833333333,2009
Martin Schoeberl,Martin Schoeberl,4.333333333,2012
Martin Streub¨¹hr,Martin Streub¨¹hr,0.5,2009
Martti Forsell,Martti Forsell,1.166666667,2002
Mary Jane Irwin,Mary Jane Irwin,0.916666667,2001
Maryam Bahmani,Maryam Bahmani,0.25,2013
Mar¨ªa Engracia G¨®mez,Mar¨ªa Engracia G¨®mez,1.1,2008
Mar¨ªa Villarroya-Gaud¨®,Mar¨ªa Villarroya-Gaud¨®,0.333333333,2014
Masaaki Kondo,Masaaki Kondo,0.1,2013
Masahiro Iida,Masahiro Iida,0.5,2016
Masashi Imai,Masashi Imai,1,2016
Masashi Watanabe,Masashi Watanabe,0.2,2014
Masayuki Kimura,Masayuki Kimura,0.25,2011
Masood Qazi,Masood Qazi,0.5,2013
Masoud Daneshtalab,Masoud Daneshtalab,6.866666667,2008
Masoumeh Ebrahimi,Masoumeh Ebrahimi,8,2009
Massimo Alioto,Massimo Alioto,0.2,2018
Massimo Coppola,Massimo Coppola,0.290909091,2008
Massimo Ruo Roch,Massimo Ruo Roch,0.333333333,2010
Massoud Pedram,Massoud Pedram,1.666666667,2007
Mateo Valero,Mateo Valero,0.111111111,2015
Matias Escudero Martinez,Matias Escudero Martinez,0.5,2011
Matt Grange,Matt Grange,1.5,2009
Mattan Erez,Mattan Erez,0.5,2009
Matteo Dall'Osso,Matteo Dall'Osso,1,2012
Matthew Carlberg,Matthew Carlberg,0.333333333,2010
Matthew K. Farrens,Matthew K. Farrens,1.166666667,2010
Matthew Mattina,Matthew Mattina,0.142857143,2007
Matthew Pirretti,Matthew Pirretti,1,2004
Matthew Poremba,Matthew Poremba,1.916666667,2013
Matthew Schuchhardt,Matthew Schuchhardt,0.5,2012
Matthias Becker 0004,Matthias Becker 0004,0.5,2016
Matthias K¨¹hnle,Matthias K¨¹hnle,0.142857143,2008
Matthieu Briere,Matthieu Briere,2,2004
Mau-Chung Frank Chang,Mau-Chung Frank Chang,0.111111111,2019
Maurizio Martina,Maurizio Martina,0.5,2012
Maurizio Palesi,Maurizio Palesi,6.066666667,2004
Maurizio Zamboni,Maurizio Zamboni,0.2,2010
Max C. Lemme,Max C. Lemme,0.25,2013
Max Koenen,Max Koenen,1,2019
Mayank Parasar,Mayank Parasar,3,2018
Mazin S. Yousif,Mazin S. Yousif,0.485714286,2006
Md Farhadur Reza,Md Farhadur Reza,1,2019
Md Shahriar Shamim,Md Shahriar Shamim,1,2015
Md. Ashif I. Sikder,Md. Ashif I. Sikder,0.5,2017
Megan Logan,Megan Logan,0.5,2020
Mehdi Kamal,Mehdi Kamal,0.5,2013
Mehdi Modarressi,Mehdi Modarressi,6.5,2009
Mei Yang,Mei Yang,0.333333333,2013
Meikang Qiu,Meikang Qiu,0.25,2012
Meilin Zhang,Meilin Zhang,1,2011
Meisam Abdollahi,Meisam Abdollahi,0.5,2011
Melinda Y. Agyekum,Melinda Y. Agyekum,1,2010
Meng Liu 0001,Meng Liu 0001,1,2016
Meng-Hsun Tsai,Meng-Hsun Tsai,0.2,2013
Mengquan Li,Mengquan Li,1.7,2017
Miao Li,Miao Li,0.5,2014
Michael A. Frumkin,Michael A. Frumkin,0.333333333,2008
Michael Balszun,Michael Balszun,0.5,2017
Michael C. Huang,Michael C. Huang,0.933333333,2010
Michael D. Powell,Michael D. Powell,0.5,2005
Michael Espig,Michael Espig,0.166666667,2011
Michael Gill,Michael Gill,0.5,2015
Michael Gla?,Michael Gla?,0.833333333,2008
Michael H¨¹bner,Michael H¨¹bner,0.111111111,2008
Michael J. Meeuwsen,Michael J. Meeuwsen,0.142857143,2009
Michael J. Thul,Michael J. Thul,1,2003
Michael Jones,Michael Jones,0.333333333,2005
Michael Kishinevsky,Michael Kishinevsky,0.416666667,2010
Michael Leddige,Michael Leddige,0.2,2011
Michael Lui,Michael Lui,0.5,2020
Michael N. Horak,Michael N. Horak,1,2010
Michael O. McCracken,Michael O. McCracken,1,2010
Michael Opoku Agyeman,Michael Opoku Agyeman,1.5,2015
Michael Papamichael,Michael Papamichael,2,2011
Michael Richter,Michael Richter,1,2012
Michael Sheets,Michael Sheets,0.5,2001
Michael Soulie,Michael Soulie,0.333333333,2009
Michael Storgaard,Michael Storgaard,0.333333333,2005
Michael Vonbun,Michael Vonbun,1,2019
Michael Zelikson,Michael Zelikson,0.5,2002
Michael Zhang,Michael Zhang,1,2005
Michal Lipson,Michal Lipson,0.142857143,2011
Michal Rakowski,Michal Rakowski,0.038461538,2011
Michalis Paschou,Michalis Paschou,1,2016
Michel A. Kinsy,Michel A. Kinsy,1.583333333,2009
Michel J¨¦z¨¦quel,Michel J¨¦z¨¦quel,0.583333333,2007
Michele Borgatti,Michele Borgatti,0.5,2005
Michele Favalli,Michele Favalli,0.583333333,2011
Michele Petracca,Michele Petracca,1.333333333,2008
Michele Stucchi,Michele Stucchi,0.111111111,2011
Michihiro Koibuchi,Michihiro Koibuchi,7.202380952,2008
Midia Reshadi,Midia Reshadi,0.75,2018
Mieszko Lis,Mieszko Lis,0.533333333,2009
Miguel Gorgues,Miguel Gorgues,1,2014
Miguel Gorgues Alonso,Miguel Gorgues Alonso,1,2016
Mihailo Isakov,Mihailo Isakov,0.333333333,2017
Mikael Millberg,Mikael Millberg,5.333333333,2002
Mike Ignatowski,Mike Ignatowski,0.142857143,2007
Mike Parker,Mike Parker,0.2,2015
Mikel Luj¨¢n,Mikel Luj¨¢n,0.533333333,2012
Mikhail Kazdagli,Mikhail Kazdagli,0.5,2015
Mikkel Bystrup Stensgaard,Mikkel Bystrup Stensgaard,2.5,2007
Mikko H. Lipasti,Mikko H. Lipasti,1.7,2008
Milen Nikolov,Milen Nikolov,0.5,2011
Milos Panic,Milos Panic,1,2016
Milos Prvulovic,Milos Prvulovic,0.5,2011
Milton Feng,Milton Feng,0.166666667,2020
Min Xie,Min Xie,0.2,2018
Min Zhang 0012,Min Zhang 0012,1,2008
Ming Li,Ming Li,2,2006
Ming Liu 0011,Ming Liu 0011,0.5,2007
Ming Yang,Ming Yang,0.333333333,2010
Ming-che Lai,Ming-che Lai,1,2008
Minglun Gao,Minglun Gao,0.416666667,2014
Minje Jun,Minje Jun,1,2010
Minsoo Rhu,Minsoo Rhu,0.25,2020
Minsu Kim,Minsu Kim,0.5,2010
Miquel Moret¨®,Miquel Moret¨®,0.333333333,2015
Miralem Cosic,Miralem Cosic,0.2,2013
Miray Kas,Miray Kas,0.5,2010
Miri Kim,Miri Kim,0.333333333,2014
Mirko Loghi,Mirko Loghi,1,2004
Miro Cupac,Miro Cupac,0.05,2011
Mishali Naik,Mishali Naik,0.25,2008
Mitaro Namiki,Mitaro Namiki,0.125,2013
Mitchell Hayenga,Mitchell Hayenga,1,2009
Mithuna Thottethodi,Mithuna Thottethodi,1,2001
Mo Kwai Hung Morton,Mo Kwai Hung Morton,0.5,2009
Mohamad Hamieh,Mohamad Hamieh,0.5,2014
Mohamed Bakhouya,Mohamed Bakhouya,1.5,2008
Mohamed Ben-Romdhane,Mohamed Ben-Romdhane,0.25,2005
Mohamed-Anouar Dziri,Mohamed-Anouar Dziri,1,2004
Mohammad Abdullah Al Faruque,Mohammad Abdullah Al Faruque,3,2008
Mohammad Arjomand,Mohammad Arjomand,0.333333333,2009
Mohammad Fattah,Mohammad Fattah,3,2013
Mohammad Hashem Haghbayan,Mohammad Hashem Haghbayan,1,2015
Mohammad Hossein Neishaburi,Mohammad Hossein Neishaburi,0.333333333,2009
Mohammad Hosseinabady,Mohammad Hosseinabady,2,2007
Mohammad Hossien Yaghmaee,Mohammad Hossien Yaghmaee,0.25,2010
Mohammad Mirza-Aghatabar,Mohammad Mirza-Aghatabar,1,2007
Mohammad Reza Jokar,Mohammad Reza Jokar,2,2019
Mohammad Reza Kakoee,Mohammad Reza Kakoee,2.5,2008
Mohammad Sadrosadati,Mohammad Sadrosadati,1.5,2017
Mohammad Tehranipoor,Mohammad Tehranipoor,0.5,2006
Mohammadkazem Taram,Mohammadkazem Taram,0.5,2016
Mohd Shahrizal Rusli,Mohd Shahrizal Rusli,0.5,2015
Mohit Tiwari,Mohit Tiwari,0.166666667,2015
Moray McLaren,Moray McLaren,0.25,2011
Morin Dehan,Morin Dehan,0.035714286,2011
Moris Behnam,Moris Behnam,0.333333333,2016
Mostafa Rizk,Mostafa Rizk,0.5,2016
Mounir Zid,Mounir Zid,0.5,2014
Muhammad Aqeel Wahlah,Muhammad Aqeel Wahlah,0.25,2008
Muhammad Mukaram Khan,Muhammad Mukaram Khan,0.25,2007
Muhammad N. Marsono,Muhammad N. Marsono,0.166666667,2015
Muhammad Ridwan Madarbux,Muhammad Ridwan Madarbux,0.333333333,2015
Muhammad Shafique 0001,Muhammad Shafique 0001,1.611111111,2013
Muhammad Shoaib Bin Altaf,Muhammad Shoaib Bin Altaf,0.2,2018
Muhammad Usman Karim Khan,Muhammad Usman Karim Khan,0.25,2015
Mukund Ramakrishna,Mukund Ramakrishna,1,2013
Muriel de Potter de ten Broeck,Muriel de Potter de ten Broeck,0.041666667,2011
Myong Hyon Cho,Myong Hyon Cho,2,2009
Myriam Ariaudo,Myriam Ariaudo,0.25,2014
Myriam Assous,Myriam Assous,0.090909091,2020
M¨¢rcio Eduardo Kreutz,M¨¢rcio Eduardo Kreutz,0.5,2004
N. Coste,N. Coste,0.333333333,2011
N. Pete Sedcole,N. Pete Sedcole,0.833333333,2007
Nacer-Eddine Zergainoh,Nacer-Eddine Zergainoh,0.533333333,2003
Nachiket Kapre,Nachiket Kapre,1.5,2017
Nacho Navarro,Nacho Navarro,0.142857143,2015
Nader Bagherzadeh,Nader Bagherzadeh,2.366666667,2009
Nader Rafla,Nader Rafla,0.5,2019
Naehyuck Chang,Naehyuck Chang,0.75,2006
Najla Alfaraj,Najla Alfaraj,1.5,2010
Nam Sung Kim,Nam Sung Kim,0.25,2019
Nan Guan,Nan Guan,0.416666667,2017
Nan Jiang,Nan Jiang,3.5,2009
Nan Wang,Nan Wang,0.25,2011
Nanning Zheng,Nanning Zheng,0.25,2014
Naoya Niwa,Naoya Niwa,0.25,2019
Naoya Onizawa,Naoya Onizawa,1,2011
Narayanan Vijaykrishnan,Narayanan Vijaykrishnan,4.433333333,2001
Naseef Mansoor,Naseef Mansoor,1,2015
Naser Khosro Pour,Naser Khosro Pour,0.25,2012
Natalie D. Enright Jerger,Natalie D. Enright Jerger,10.625,2008
Nathan Beckmann,Nathan Beckmann,0.2,2010
Nathan L. Binkert,Nathan L. Binkert,1,2011
Naveen Muralimanohar,Naveen Muralimanohar,1.2,2010
Naveen Verma,Naveen Verma,1,2016
Navonil Chatterjee,Navonil Chatterjee,1,2019
Nedison Velloso,Nedison Velloso,0.5,2019
Nevin Heintze,Nevin Heintze,0.5,2002
Ney Calazans,Ney Calazans,1.666666667,2004
Ney Laert Vilar Calazans,Ney Laert Vilar Calazans,1.333333333,2005
Ng. Anh Vu Doan,Ng. Anh Vu Doan,0.5,2017
Nguyen Anh Vu Doan,Nguyen Anh Vu Doan,0.833333333,2019
Nick Barrow-Williams,Nick Barrow-Williams,1,2009
Nicola Concer,Nicola Concer,3,2006
Nicolas Cassiau,Nicolas Cassiau,0.5,2011
Nicolas Genko,Nicolas Genko,1,2005
Nicolas Morey Chaisemartin,Nicolas Morey Chaisemartin,0.111111111,2013
Nicolas Ventroux,Nicolas Ventroux,0.5,2010
Nicol¨¢s Sherwood-Droz,Nicol¨¢s Sherwood-Droz,0.25,2011
Nihar R. Mahapatra,Nihar R. Mahapatra,0.5,2005
Niket Agarwal,Niket Agarwal,2.5,2009
Nikhil Kulkarni,Nikhil Kulkarni,0.333333333,2012
Nikil D. Dutt,Nikil D. Dutt,2.333333333,2005
Nikita Nikitin,Nikita Nikitin,2.5,2010
Nikolaos Chrysos,Nikolaos Chrysos,1,2015
Nikolaos Minas,Nikolaos Minas,0.552631579,2007
Nikolay Stoimenov,Nikolay Stoimenov,0.5,2013
Nikos Chrysos,Nikos Chrysos,0.5,2018
Nikos Hardavellas,Nikos Hardavellas,1.333333333,2012
Nilanjan Banerjee,Nilanjan Banerjee,1,2004
Nilmini Abeyratne,Nilmini Abeyratne,2,2013
Nima Mirzaei,Nima Mirzaei,0.25,2015
Ning Deng,Ning Deng,0.166666667,2009
Niraj K. Jha,Niraj K. Jha,1.95,2003
Nishit Ashok Kapadia,Nishit Ashok Kapadia,1,2015
Nithin Michael,Nithin Michael,2,2011
Nitin Borkar,Nitin Borkar,0.392857143,2007
Nitthilan Kannappan Jayakodi,Nitthilan Kannappan Jayakodi,0.5,2020
Nizar Dahir,Nizar Dahir,0.5,2014
Nobutaka Shimizu,Nobutaka Shimizu,1,2016
Norbert Wehn,Norbert Wehn,0.666666667,2003
Noriyuki Miura,Noriyuki Miura,1,2013
Norman P. Jouppi,Norman P. Jouppi,0.533333333,2011
Oded Katz,Oded Katz,0.5,2015
Odile Liboiron-Ladouceur,Odile Liboiron-Ladouceur,0.25,2016
Ofer Markish,Ofer Markish,1,2015
Ohyoung Jang,Ohyoung Jang,0.5,2012
Oliver Bringmann 0001,Oliver Bringmann 0001,0.833333333,2004
Oliver Sander,Oliver Sander,1,2009
Olivier Muller,Olivier Muller,0.5,2007
Olivier Romain,Olivier Romain,0.066666667,2014
Olivier Sentieys,Olivier Sentieys,1.142857143,2017
Om Prakash Gangwal,Om Prakash Gangwal,0.533333333,2004
Om Prakash Yadav,Om Prakash Yadav,0.333333333,2011
Omar Hammami,Omar Hammami,1,2012
Omer Khan,Omer Khan,0.75,2011
Onur Derin,Onur Derin,1,2011
Onur Kayiran,Onur Kayiran,1.083333333,2016
Onur Mutlu,Onur Mutlu,4.361111111,2009
Ori Rottenstreich,Ori Rottenstreich,0.5,2008
Osmar Marchi dos Santos,Osmar Marchi dos Santos,0.5,2011
Oussama Laouamri,Oussama Laouamri,1,2007
Ozcan Ozturk 0001,Ozcan Ozturk 0001,0.5,2009
Pablo Abad Fidalgo,Pablo Abad Fidalgo,3,2007
Pablo Prieto,Pablo Prieto,0.75,2007
Pankaj Kumar Srivastava,Pankaj Kumar Srivastava,0.2,2014
Pao-Ann Hsiung,Pao-Ann Hsiung,0.916666667,2010
Paolo Burgio,Paolo Burgio,0.5,2012
Paolo Faraboschi,Paolo Faraboschi,0.25,2012
Paolo Giaccone,Paolo Giaccone,0.5,2015
Paolo Grani,Paolo Grani,2.083333333,2013
Paolo Ienne,Paolo Ienne,0.5,2005
Paolo Mantovani,Paolo Mantovani,1,2017
Paolo Meloni,Paolo Meloni,1.333333333,2006
Paresh Limaye,Paresh Limaye,0.5,2011
Parisa Khadem Hamedani,Parisa Khadem Hamedani,1,2014
Partha Kundu,Partha Kundu,1.333333333,2007
Partha Pande 0001,Partha Pande 0001,1,2009
Partha Pratim Pande,Partha Pratim Pande,11.03571429,2003
Pascal Benoit,Pascal Benoit,0.2,2010
Pascal T. Wolkotte,Pascal T. Wolkotte,2,2005
Pascal Vivet,Pascal Vivet,3.294444444,2005
Pasi Liljeberg,Pasi Liljeberg,3.066666667,2010
Pat Pannuto,Pat Pannuto,1,2015
Patrice Couvert,Patrice Couvert,0.25,2013
Patrick Griffin,Patrick Griffin,0.5,2007
Patrick Thiran,Patrick Thiran,0.333333333,2005
Paul Ampadu,Paul Ampadu,2.583333333,2009
Paul Andry,Paul Andry,0.5,2007
Paul Bogdan,Paul Bogdan,9.892857143,2007
Paul Gratz,Paul Gratz,4.916666667,2006
Paul M. Rosinger,Paul M. Rosinger,0.333333333,2007
Paul Marchal,Paul Marchal,0.027027027,2011
Paul R. Prucnal,Paul R. Prucnal,0.2,2005
Paul Teehan,Paul Teehan,1,2009
Paul V. Gratz,Paul V. Gratz,2.833333333,2010
Paul Vincent Mejia,Paul Vincent Mejia,1.076923077,2009
Paul Wettin,Paul Wettin,2.833333333,2011
Paul Wielage,Paul Wielage,0.866666667,2002
Pavan Kumar Hanumolu,Pavan Kumar Hanumolu,0.5,2017
Pavel Ghosh,Pavel Ghosh,1,2009
Pedro Javier Garc¨ªa,Pedro Javier Garc¨ªa,0.533333333,2005
Pedro L¨®pez 0001,Pedro L¨®pez 0001,0.666666667,2007
Peiyi Zhao,Peiyi Zhao,1,2011
Pejman Lotfi-Kamran,Pejman Lotfi-Kamran,2,2008
Peng Chen 0027,Peng Chen 0027,0.333333333,2017
Peng Liu 0016,Peng Liu 0016,0.611111111,2010
Peng Wang 0036,Peng Wang 0036,2,2017
Peng Yang 0003,Peng Yang 0003,2.785714286,2014
Pengju Ren,Pengju Ren,1,2014
Per Badlund,Per Badlund,1,2007
Peter Poplavko,Peter Poplavko,1,2003
Peter Y. K. Cheung,Peter Y. K. Cheung,0.583333333,2007
Petru Eles,Petru Eles,0.5,2005
Philip G. Emma,Philip G. Emma,0.25,2007
Philip K. F. H?lzenspies,Philip K. F. H?lzenspies,0.5,2007
Philip M. Watts,Philip M. Watts,0.25,2015
Philippe Bonnot 0001,Philippe Bonnot 0001,0.25,2008
Philippe Magarshack,Philippe Magarshack,1,2003
Philippe Millet,Philippe Millet,0.166666667,2008
Philippe Olivier Alexandre Navaux,Philippe Olivier Alexandre Navaux,0.25,2009
Pierre G. Paulin,Pierre G. Paulin,0.666666667,2003
Pierre Guironnet de Massas,Pierre Guironnet de Massas,1.166666667,2008
Pierre Schamberger,Pierre Schamberger,1,2012
Pierre Tissier,Pierre Tissier,0.142857143,2020
Pierre-Edouard Beaucamps,Pierre-Edouard Beaucamps,0.333333333,2013
Pierre-Marie Martin,Pierre-Marie Martin,0.5,2018
Pieter van der Wolf,Pieter van der Wolf,1.2,2008
Pietro Contu,Pietro Contu,0.333333333,2014
Pietro Saltarelli,Pietro Saltarelli,1,2015
Pin-Yu Chen,Pin-Yu Chen,0.333333333,2019
Pinaki Mazumder,Pinaki Mazumder,0.5,2009
Ping Song,Ping Song,0.25,2016
Po-Han Wang,Po-Han Wang,0.333333333,2010
Po-Tsang Huang,Po-Tsang Huang,1.142857143,2008
Pooria M. Yaghini,Pooria M. Yaghini,1.5,2015
Pouya Fotouhi,Pouya Fotouhi,0.5,2018
Prabal Basu,Prabal Basu,1,2016
Prabal Dutta,Prabal Dutta,0.111111111,2015
Prabhat Kumar,Prabhat Kumar,1.5,2009
Prabhat Mishra,Prabhat Mishra,0.25,2018
Prabhat Mishra 0001,Prabhat Mishra 0001,0.666666667,2019
Pradip Bose,Pradip Bose,0.333333333,2011
Pradip Kumar Sahu,Pradip Kumar Sahu,1,2013
Pranay Koka,Pranay Koka,2,2010
Prasanna Venkatesh Rengasamy,Prasanna Venkatesh Rengasamy,1,2014
Praveen Vellanki,Praveen Vellanki,0.5,2004
Preeti Ranjan Panda,Preeti Ranjan Panda,0.5,2016
Premkishore Shivakumar,Premkishore Shivakumar,0.45,2007
Pritam Majumder,Pritam Majumder,0.333333333,2017
Pritha Ghoshal,Pritha Ghoshal,0.5,2011
Pritpal S. Multani,Pritpal S. Multani,0.5,2013
Priya Iyer,Priya Iyer,0.125,2007
Priyadarsan Patra,Priyadarsan Patra,1.333333333,2008
Priyanka Ghosh,Priyanka Ghosh,0.5,2019
Puru Choudhary,Puru Choudhary,0.666666667,2007
Qi Hu,Qi Hu,1,2015
Qi Li 0013,Qi Li 0013,0.4,2010
Qi Liu,Qi Liu,0.2,2009
Qi Zhu 0002,Qi Zhu 0002,0.25,2017
Qi Zuo,Qi Zuo,0.666666667,2009
Qiang Xu,Qiang Xu,1,2007
Qiang Xu 0001,Qiang Xu 0001,0.833333333,2008
Qiaoyan Yu,Qiaoyan Yu,4,2010
Qing-An Zeng,Qing-An Zeng,1,2006
Qingkun Li,Qingkun Li,0.333333333,2013
Qingxin Meng,Qingxin Meng,0.5,2014
Ra'ed Al-Dujaily,Ra'ed Al-Dujaily,1.333333333,2011
Rabi N. Mahapatra,Rabi N. Mahapatra,0.666666667,2012
Rachana Radhakrishnan,Rachana Radhakrishnan,0.333333333,2014
Rachata Ausavarungnirun,Rachata Ausavarungnirun,1.033333333,2012
Rachel Gordin,Rachel Gordin,0.25,2002
Radu Andrei Stefan,Radu Andrei Stefan,1,2012
Radu David,Radu David,1,2011
Radu Marculescu,Radu Marculescu,18.32738095,2002
Rafael K. V. Maeda,Rafael K. V. Maeda,0.166666667,2017
Rafael Kioji Vivas Maeda,Rafael Kioji Vivas Maeda,0.111111111,2015
Rafael Tornero Gavil¨¢,Rafael Tornero Gavil¨¢,0.25,2012
Ragh Kuttappa,Ragh Kuttappa,0.833333333,2019
Raghav Kishore,Raghav Kishore,0.333333333,2016
Rahul Agarwal,Rahul Agarwal,0.033333333,2011
Rahul Boyapati,Rahul Boyapati,1,2017
Rahul Jain 0004,Rahul Jain 0004,1,2016
Rainer D?mer,Rainer D?mer,0.333333333,2018
Rainer Leupers,Rainer Leupers,0.333333333,2004
Rajeev Balasubramonian,Rajeev Balasubramonian,1,2009
Rajeevan Amirtharajah,Rajeevan Amirtharajah,0.5,2010
Rajesh J. S.,Rajesh J. S.,1,2015
Rajesh Jayashankara Shridevi,Rajesh Jayashankara Shridevi,0.5,2016
Rakesh Kumar 0002,Rakesh Kumar 0002,1.333333333,2005
Ramakrishna Vadlamani,Ramakrishna Vadlamani,1.5,2009
Ramesh Karri,Ramesh Karri,0.2,2018
Rami G. Melhem,Rami G. Melhem,2.5,2010
Ramon Canal,Ramon Canal,0.333333333,2010
Ram¨®n Beivide,Ram¨®n Beivide,0.333333333,2019
Ran Ginosar,Ran Ginosar,2.833333333,2004
Ran Manevich,Ran Manevich,2,2009
Randy Morris,Randy Morris,0.5,2009
Randy Wayne Morris Jr.,Randy Wayne Morris Jr.,1,2010
Ranganathan Hariharan,Ranganathan Hariharan,0.142857143,2015
Ranggi Hwang,Ranggi Hwang,1,2020
Raoul Velazco,Raoul Velazco,0.2,2018
Rapha?l David,Rapha?l David,0.333333333,2010
Rasmus Bo Sorensen,Rasmus Bo Sorensen,1.333333333,2014
Rasmus Gr?ndahl Olsen,Rasmus Gr?ndahl Olsen,0.25,2005
Raul Martinez,Raul Martinez,0.5,2014
Ravi R. Iyer,Ravi R. Iyer,0.333333333,2011
Ravishankar R. Iyer,Ravishankar R. Iyer,0.416666667,2008
Rawan Abdel-Khalek,Rawan Abdel-Khalek,2,2014
Ray T. Chen,Ray T. Chen,0.25,2009
Raymond G. Beausoleil,Raymond G. Beausoleil,0.333333333,2016
Razvan C. Bunescu,Razvan C. Bunescu,1.166666667,2018
Rebecca Berman,Rebecca Berman,0.125,2010
Reetuparna Das,Reetuparna Das,9.333333333,2007
Reiner Kolla,Reiner Kolla,0.5,2016
Remco van Steeden,Remco van Steeden,0.333333333,2007
Ren Wang,Ren Wang,0.5,2013
Renaud Ayrignac,Renaud Ayrignac,0.5,2013
Rene van Leuken,Rene van Leuken,0.5,2010
Res Saleh,Res Saleh,0.833333333,2003
Resve A. Saleh,Resve A. Saleh,1.2,2005
Reza Berangi,Reza Berangi,0.25,2012
Reza Sarvari,Reza Sarvari,0.5,2007
Reza Yazdani Aminabadi,Reza Yazdani Aminabadi,0.333333333,2016
Riccardo Locatelli,Riccardo Locatelli,1.276923077,2004
Richard Hersemeule,Richard Hersemeule,0.333333333,2010
Richard R. Brooks,Richard R. Brooks,0.333333333,2004
Richard R. Treumann,Richard R. Treumann,0.166666667,2011
Richard Regler,Richard Regler,0.2,2008
Richard V. Penty,Richard V. Penty,0.5,2008
Rickard Holsmark,Rickard Holsmark,1.75,2008
Riet Labie,Riet Labie,0.0625,2011
Rikard Thid,Rikard Thid,0.666666667,2004
Rimpy Bishnoi,Rimpy Bishnoi,1,2015
Ritesh Parikh,Ritesh Parikh,2,2014
Rob F. Van der Wijngaart,Rob F. Van der Wijngaart,0.5,2008
Robert D. Mullins,Robert D. Mullins,3.333333333,2004
Robert G. McDonald,Robert G. McDonald,0.533333333,2006
Robert Hesse,Robert Hesse,2,2012
Robert P. Dick,Robert P. Dick,0.25,2009
Robert Schmidt,Robert Schmidt,0.5,2018
Robert Schreiber,Robert Schreiber,0.166666667,2011
Roberto P. de Oliveira,Roberto P. de Oliveira,0.5,2009
Roberto Proietti,Roberto Proietti,0.833333333,2017
Roberto Suaya,Roberto Suaya,0.25,2013
Roberto Zafalon,Roberto Zafalon,0.2,2004
Robin Emery,Robin Emery,1,2009
Rodrigo Cataldo,Rodrigo Cataldo,0.333333333,2019
Rohit Sunkam Ramanujam,Rohit Sunkam Ramanujam,1.25,2010
Rolf Ernst,Rolf Ernst,3.4,2009
Romain Lemaire,Romain Lemaire,1.342857143,2008
Romain Vaslin,Romain Vaslin,0.666666667,2007
Roman Gindin,Roman Gindin,2,2007
Roman Koch,Roman Koch,0.5,2006
Rom¨¢n Hermida,Rom¨¢n Hermida,0.2,2005
Ron Ho,Ron Ho,1.2,2007
Ron Weiss,Ron Weiss,0.25,2011
Ronald G. Dreslinski,Ronald G. Dreslinski,1.292857143,2012
Rosemary M. Francis,Rosemary M. Francis,1,2008
Roshan Weerasekera,Roshan Weerasekera,0.666666667,2009
Rostislav (Reuven) Dobkin,Rostislav (Reuven) Dobkin,2,2005
Rozenn Allanic,Rozenn Allanic,0.25,2018
Ruchir Puri,Ruchir Puri,0.1,2007
Rudolf Krist,Rudolf Krist,0.5,2008
Rudy Beraha,Rudy Beraha,2,2009
Rui Wu,Rui Wu,1,2017
Ruisheng Wang,Ruisheng Wang,0.333333333,2014
Ruizhe Wu,Ruizhe Wu,1.5,2010
Runan Ma,Runan Ma,1,2015
Russell Tessier,Russell Tessier,0.5,2009
Ryan Gary Kim,Ryan Gary Kim,2.5,2014
Ryan Kastner,Ryan Kastner,0.2,2013
Ryosuke Mizuno,Ryosuke Mizuno,1,2016
Ryota Yasudo,Ryota Yasudo,2.333333333,2014
Ryousei Takano,Ryousei Takano,1,2016
Ryuhei Mori,Ryuhei Mori,0.5,2016
Ryuichi Sakamoto,Ryuichi Sakamoto,0.142857143,2013
S. J. Ben Yoo,S. J. Ben Yoo,0.45,2017
Sadia Moriam,Sadia Moriam,1,2017
Sahar Foroutan,Sahar Foroutan,2,2010
Sai Prashanth Muralidhara,Sai Prashanth Muralidhara,0.333333333,2009
Sai Vineel Reddy Chittamuru,Sai Vineel Reddy Chittamuru,3.5,2016
Sai-Wang Tam,Sai-Wang Tam,0.142857143,2008
Sailaja Madduri,Sailaja Madduri,1,2009
Salman Khan,Salman Khan,0.333333333,2012
Salvatore Carta,Salvatore Carta,0.866666667,2005
Salvatore Iamundo,Salvatore Iamundo,0.5,2009
Salvatore Monteleone,Salvatore Monteleone,1.333333333,2015
Salvatore Signorino,Salvatore Signorino,0.333333333,2008
Sam Kerner,Sam Kerner,0.5,2003
Samarjit Chakraborty,Samarjit Chakraborty,0.25,2017
Sami Taktak,Sami Taktak,0.666666667,2008
Samuel Evain,Samuel Evain,1,2007
Samuel Jones,Samuel Jones,0.125,2013
Samuel Rodrigo,Samuel Rodrigo,1.5,2008
Sandeep Pande,Sandeep Pande,0.25,2012
Sander Stuijk,Sander Stuijk,1,2005
Sandro Bartolini,Sandro Bartolini,0.726190476,2013
Sang-Il Han,Sang-Il Han,1,2004
Sangeetha Jose,Sangeetha Jose,0.25,2018
Sanghamitra Roy,Sanghamitra Roy,2.083333333,2012
Sanjit A. Seshia,Sanjit A. Seshia,0.333333333,2011
Santanu Chattopadhyay,Santanu Chattopadhyay,0.5,2013
Santiago Gonz¨¢lez Pestana,Santiago Gonz¨¢lez Pestana,1.25,2004
Santosh Biswas,Santosh Biswas,0.333333333,2017
Sao-Jie Chen,Sao-Jie Chen,0.85,2009
Sara Akbari,Sara Akbari,1,2012
Sarath Babu,Sarath Babu,0.5,2018
Satish Narayanasamy,Satish Narayanasamy,0.5,2013
Satrajit Chatterjee,Satrajit Chatterjee,0.5,2010
Saurabh Dighe,Saurabh Dighe,0.5,2007
Savas Kaya,Savas Kaya,0.583333333,2011
Sayak Ray,Sayak Ray,1,2014
Scott Beamer,Scott Beamer,1.5,2009
Scott Van Winkle,Scott Van Winkle,1,2018
Se-Joong Lee,Se-Joong Lee,0.5,2006
Seamus Cawley,Seamus Cawley,0.2,2012
Sean Franey,Sean Franey,1,2013
Sean Salisbury,Sean Salisbury,0.25,2008
Sebastian Kobbe,Sebastian Kobbe,0.25,2014
Sebastian Tobuschat,Sebastian Tobuschat,1.5,2016
Sebastian Werner,Sebastian Werner,2,2017
Seh-Woong Jeong,Seh-Woong Jeong,0.25,2009
Selma Saidi,Selma Saidi,1.25,2016
Seok-Bum Ko,Seok-Bum Ko,0.166666667,2014
Sergi Abadal,Sergi Abadal,3.7,2013
Sergio Tota,Sergio Tota,1,2010
Seung Eun Lee,Seung Eun Lee,1.142857143,2009
Seung Woo Son 0001,Seung Woo Son 0001,0.666666667,2008
Seungjin Lee 0001,Seungjin Lee 0001,0.583333333,2007
Seungryoul Maeng,Seungryoul Maeng,0.333333333,2014
Seyed Ghassem Miremadi,Seyed Ghassem Miremadi,0.25,2007
Seyedeh Yasaman Hosseini Mirmahaleh,Seyedeh Yasaman Hosseini Mirmahaleh,1,2019
Seyyed Hossein Seyyedaghaei Rezaei,Seyyed Hossein Seyyedaghaei Rezaei,1,2016
Shaahin Hessabi,Shaahin Hessabi,2.083333333,2007
Shahin Nazarian,Shahin Nazarian,0.5,2018
Shahin Roozkhosh,Shahin Roozkhosh,0.333333333,2017
Shahriar Mirabbasi,Shahriar Mirabbasi,0.333333333,2006
Shailendra Jain,Shailendra Jain,0.190909091,2007
Shalimar Rasheed,Shalimar Rasheed,1,2014
Shan Tang,Shan Tang,2,2007
Shang Wang,Shang Wang,0.2,2010
Shangping Ren,Shangping Ren,0.2,2010
Shankar Mahadevan,Shankar Mahadevan,1.5,2005
Shao-Yun Fang,Shao-Yun Fang,0.25,2018
Shaoteng Liu,Shaoteng Liu,3,2012
Sharad Malik,Sharad Malik,1.866666667,2001
Shashi Kumar,Shashi Kumar,2.783333333,2002
Shau-Yin Tseng,Shau-Yin Tseng,0.25,2010
Shayesteh Masoumian,Shayesteh Masoumian,0.333333333,2017
Sheau Jiung Lee,Sheau Jiung Lee,0.125,2019
Shekhar Borkar,Shekhar Borkar,0.266666667,2007
Sheng Ma,Sheng Ma,3.833333333,2011
Sheng Xu,Sheng Xu,1,2007
Sheng-Chun Kao,Sheng-Chun Kao,1,2019
Sheng-Ya Tong,Sheng-Ya Tong,0.333333333,2012
Shenggang Chen,Shenggang Chen,0.533333333,2016
Shengyan Wen,Shengyan Wen,0.333333333,2018
Shidhartha Das,Shidhartha Das,0.5,2019
Shigeru Nakamura,Shigeru Nakamura,0.5,2016
Shih-Hsin Lo,Shih-Hsin Lo,1,2009
Shih-Yin Lin,Shih-Yin Lin,0.333333333,2011
Shijun Lin,Shijun Lin,1,2008
Shinobu Fujita,Shinobu Fujita,0.25,2008
Shoaib Kamil,Shoaib Kamil,0.5,2009
Shomit Das,Shomit Das,1,2013
Shouvik Musavvir,Shouvik Musavvir,1,2020
Shu Namiki,Shu Namiki,0.5,2016
Shu-Hsuan Chou,Shu-Hsuan Chou,1,2009
Shubhendu S. Mukherjee,Shubhendu S. Mukherjee,0.333333333,2001
Shufan Yang,Shufan Yang,0.142857143,2007
Shuming Chen,Shuming Chen,1.25,2007
Shvan Karim,Shvan Karim,1,2020
Siamak Mohammadi,Siamak Mohammadi,0.392857143,2009
Siau Ben Chiah,Siau Ben Chiah,0.333333333,2017
Siavash S. Yazdi,Siavash S. Yazdi,0.333333333,2015
Siavoosh Payandeh Azad,Siavoosh Payandeh Azad,0.5,2016
Siddharth Garg,Siddharth Garg,0.333333333,2015
Siddharth Jain,Siddharth Jain,0.333333333,2012
Siddharth Umrani,Siddharth Umrani,0.333333333,2008
Siddhartha 0001,Siddhartha 0001,1,2017
Siddhartha Nath,Siddhartha Nath,0.666666667,2012
Sidhartha Sankar Rout,Sidhartha Sankar Rout,0.5,2018
Sigurd Wagner,Sigurd Wagner,0.111111111,2016
Simon Ogg,Simon Ogg,2,2007
Simon Reder,Simon Reder,1,2018
Simon W. Moore,Simon W. Moore,2.916666667,2004
Simone Medardoni,Simone Medardoni,2.416666667,2008
Siyu Yue,Siyu Yue,0.333333333,2014
Siyuan Xiao,Siyuan Xiao,1,2019
Slobodan Lukovic,Slobodan Lukovic,0.333333333,2008
Smruti R. Sarangi,Smruti R. Sarangi,0.333333333,2019
Snaider Carrillo,Snaider Carrillo,1,2012
Sobhan Niknam,Sobhan Niknam,1,2017
Sohini Dasgupta,Sohini Dasgupta,0.25,2009
Somayyeh Koohi,Somayyeh Koohi,2.5,2007
Soo-Ik Chae,Soo-Ik Chae,0.25,2004
Soo-Kwan Eo,Soo-Kwan Eo,0.333333333,2008
Soonhoi Ha,Soonhoi Ha,0.333333333,2009
Sorin Dan Cotofana,Sorin Dan Cotofana,0.666666667,2012
Sorin Manolache,Sorin Manolache,1,2005
Soumya Eachempati,Soumya Eachempati,1.333333333,2008
Soumyasanta Laha,Soumyasanta Laha,0.2,2013
Sourav Das,Sourav Das,3.5,2016
Sreenivas Subramoney,Sreenivas Subramoney,0.333333333,2016
Sri Harsha Gade,Sri Harsha Gade,2.5,2015
Sri Parameswaran,Sri Parameswaran,1.225,2004
Srimat T. Chakradhar,Srimat T. Chakradhar,0.583333333,2004
Srinivas Devadas,Srinivas Devadas,0.842857143,2009
Srinivas Shakkottai,Srinivas Shakkottai,0.333333333,2014
Srinivasan Gopal,Srinivasan Gopal,1,2017
Srinivasan Murali,Srinivasan Murali,10.36666667,2004
Sriram Krishnamoorthy,Sriram Krishnamoorthy,0.2,2019
Sriram R. Vangal,Sriram R. Vangal,2.5,2007
Sriram Venkataraman,Sriram Venkataraman,0.083333333,2007
Sriram Vishwanath,Sriram Vishwanath,0.2,2015
Stanko Novakovic,Stanko Novakovic,0.5,2015
Stavros Volos,Stavros Volos,1,2012
Stefan Wildermann,Stefan Wildermann,0.5,2011
Stephan Bourduas,Stephan Bourduas,2,2007
Stephan Werner 0002,Stephan Werner 0002,0.333333333,2013
Stephane Bronckers,Stephane Bronckers,0.055555556,2011
Stephen A. Edwards,Stephen A. Edwards,0.333333333,2006
Stephen B. Furber,Stephen B. Furber,1.5,2002
Stephen P. Boyd,Stephen P. Boyd,1,2002
Stephen W. Keckler,Stephen W. Keckler,2.616666667,2006
Stergios Stergiou,Stergios Stergiou,1,2005
Steve B. Furber,Steve B. Furber,1.444444444,2008
Steve Scott,Steve Scott,0.166666667,2015
Steve Temple,Steve Temple,0.583333333,2007
Steven J. E. Wilton,Steven J. E. Wilton,0.5,2006
Steven J. Koester,Steven J. Koester,0.125,2007
Steven M. Nowick,Steven M. Nowick,2.666666667,2010
Steven Thijs,Steven Thijs,0.142857143,2011
St¨¦phane Bernab¨¦,St¨¦phane Bernab¨¦,0.5,2020
St¨¦phane Chevobbe,St¨¦phane Chevobbe,0.5,2013
St¨¦phane Malhouitre,St¨¦phane Malhouitre,0.111111111,2020
Subhash Sethumurugan,Subhash Sethumurugan,0.5,2020
Subhasish Mitra,Subhasish Mitra,0.5,2008
Subodha Charles,Subodha Charles,3,2018
Suboh A. Suboh,Suboh A. Suboh,1.5,2008
Subramanian S. Iyer,Subramanian S. Iyer,0.5,2019
Sudarshan Banerjee,Sudarshan Banerjee,1,2007
Sudeep Pasricha,Sudeep Pasricha,8.583333333,2005
Sudhakar Yalamanchili,Sudhakar Yalamanchili,1,2013
Sudhir Satpathy,Sudhir Satpathy,1.333333333,2012
Sudipta Mondal,Sudipta Mondal,1,2018
Sujan Pandey,Sujan Pandey,1,2006
Sujay Deb,Sujay Deb,4.916666667,2010
Sujit Dey,Sujit Dey,0.916666667,2002
Suman Prasad Sah,Suman Prasad Sah,0.45,2012
Sumedh S. Attarde,Sumedh S. Attarde,0.5,2011
Sung-Min Hong,Sung-Min Hong,0.833333333,2008
Sungchan Kim,Sungchan Kim,0.5,2009
Sunggu Lee,Sunggu Lee,0.333333333,2010
Sunghyun Park,Sunghyun Park,3.2,2012
Sungjoo Yoo,Sungjoo Yoo,2.166666667,2003
Sungroh Yoon,Sungroh Yoon,0.5,2010
Sungwoo Choo,Sungwoo Choo,0.5,2012
Sunil P. Khatri,Sunil P. Khatri,1,2012
Supamas Sirichotiyakul,Supamas Sirichotiyakul,1,2001
Supreet Jeloka,Supreet Jeloka,1,2014
Supriya Rao,Supriya Rao,1,2014
Suvinay Subramanian,Suvinay Subramanian,0.333333333,2014
Syed Minhaj Hassan,Syed Minhaj Hassan,2,2013
Syed Mohammad Asad Hassan Jafri,Syed Mohammad Asad Hassan Jafri,0.5,2017
Syed Rameez Naqvi,Syed Rameez Naqvi,1,2014
Sylvain Miermont,Sylvain Miermont,0.583333333,2008
S¨¦bastien Le Beux,S¨¦bastien Le Beux,3.25,2011
S¨¦bastien Quintanel,S¨¦bastien Quintanel,0.071428571,2014
S?ren Sonntag,S?ren Sonntag,0.25,2010
T. Michalke,T. Michalke,0.333333333,2004
T. N. Vijaykumar,T. N. Vijaykumar,0.333333333,2005
Tadahiro Kuroda,Tadahiro Kuroda,0.491666667,2011
Tadao Nakamura,Tadao Nakamura,0.325,2014
Taehun Kim,Taehun Kim,0.5,2020
Taek-Jun Kwon,Taek-Jun Kwon,1,2009
Taeweon Suh,Taeweon Suh,1,2004
Taewhan Kim,Taewhan Kim,0.333333333,2007
Tajana Simunic,Tajana Simunic,2,2002
Takahiro Hanyu,Takahiro Hanyu,0.333333333,2011
Takahiro Kagami,Takahiro Kagami,1.75,2013
Takamaro Kikkawa,Takamaro Kikkawa,0.25,2011
Takashi Miyamori,Takashi Miyamori,1,2013
Takeshi Kodaka,Takeshi Kodaka,0.333333333,2013
Tamar Kranenburg,Tamar Kranenburg,1,2010
Tamer Ragheb,Tamer Ragheb,0.5,2007
Tang Lei,Tang Lei,1,2003
Tapani Ahonen,Tapani Ahonen,1.5,2004
Tapio Pahikkala,Tapio Pahikkala,0.125,2015
Tarek A. El-Ghazawi,Tarek A. El-Ghazawi,0.583333333,2008
Tarik Ono-Tesfaye,Tarik Ono-Tesfaye,1,2009
Ted Huffmire,Ted Huffmire,0.25,2013
Ted Jiang,Ted Jiang,0.25,2015
Teresa Nachiondo Frin¨®s,Teresa Nachiondo Frin¨®s,0.166666667,2005
Terrence S. T. Mak,Terrence S. T. Mak,4.933333333,2007
Terry Tao Ye,Terry Tao Ye,1,2003
Teruaki Kitasuka,Teruaki Kitasuka,1,2016
Theo Theocharides,Theo Theocharides,0.333333333,2005
Theo Ungerer,Theo Ungerer,0.2,2017
Thiago R. da Rosa,Thiago R. da Rosa,0.333333333,2009
Thiago Santini,Thiago Santini,0.5,2013
Thiem Van Chu,Thiem Van Chu,0.5,2016
Thierry Le Gouguec,Thierry Le Gouguec,0.2,2018
Thierry Strudel,Thierry Strudel,0.090909091,2013
Thilo Pionteck,Thilo Pionteck,1,2006
Thomas Bradley,Thomas Bradley,0.333333333,2017
Thomas D. Richardson,Thomas D. Richardson,1.333333333,2006
Thomas Ebi,Thomas Ebi,0.5,2009
Thomas F. Wenisch,Thomas F. Wenisch,0.2,2017
Thomas H. Lee,Thomas H. Lee,0.333333333,2008
Thomas Hollstein,Thomas Hollstein,1.366666667,2008
Thomas Moscibroda,Thomas Moscibroda,1.666666667,2009
Thomas Nolte,Thomas Nolte,0.25,2016
Thomas Wild,Thomas Wild,1.083333333,2010
Thomas William Ainsworth,Thomas William Ainsworth,2,2007
Th¨¦odore Marescaux,Th¨¦odore Marescaux,3,2004
Tiansheng Zhang,Tiansheng Zhang,0.6,2014
Tiberiu C. Galambos,Tiberiu C. Galambos,0.333333333,2002
Tiehan Lv,Tiehan Lv,0.2,2004
Tien-Fu Chen,Tien-Fu Chen,0.2,2009
Tiffany Moy,Tiffany Moy,0.166666667,2016
Tiju Jacob,Tiju Jacob,0.211111111,2007
Tim Kogel,Tim Kogel,0.5,2004
Tim Schmidt,Tim Schmidt,1,2018
Timo D. H?m?l?inen,Timo D. H?m?l?inen,0.333333333,2007
Timo Sch?nwald,Timo Sch?nwald,1,2007
Timo Stripf,Timo Stripf,0.2,2018
Timon D. ter Braak,Timon D. ter Braak,0.25,2018
Timothy G. Mattson,Timothy G. Mattson,1,2008
Timothy M. Jones 0001,Timothy M. Jones 0001,0.2,2015
Timothy Mark Pinkston,Timothy Mark Pinkston,3.333333333,2003
Timothy Sherwood,Timothy Sherwood,0.642857143,2005
Tina Wen,Tina Wen,0.583333333,2009
Ting Lu,Ting Lu,0.333333333,2011
Ting-Ru Lin,Ting-Ru Lin,1,2020
Ting-Yi Wang,Ting-Yi Wang,0.333333333,2019
Tinoosh Mohsenin,Tinoosh Mohsenin,0.333333333,2009
Tobias Bjerregaard,Tobias Bjerregaard,3,2005
Todd M. Austin,Todd M. Austin,0.25,2008
Todor P. Stefanov,Todor P. Stefanov,0.45,2017
Tom English,Tom English,1,2011
Tomas Henriksson,Tomas Henriksson,0.666666667,2008
Tomaz Feliciian,Tomaz Feliciian,1,2004
Tommaso DeMarco,Tommaso DeMarco,0.0625,2008
Tomohiro Kudoh,Tomohiro Kudoh,0.5,2016
Tomohiro Totoki,Tomohiro Totoki,0.333333333,2019
Tomohiro Yoneda,Tomohiro Yoneda,0.25,2016
Tomoya Ozaki,Tomoya Ozaki,0.333333333,2015
Tom¨¢s Picornell,Tom¨¢s Picornell,1,2019
Tor M. Aamodt,Tor M. Aamodt,0.333333333,2010
Toru Sano,Toru Sano,0.2,2013
Toru Shimizu,Toru Shimizu,0.142857143,2014
Travis Boraten,Travis Boraten,1,2016
Travis H. Boraten,Travis H. Boraten,1,2018
Trevor N. Mudge,Trevor N. Mudge,0.68452381,2012
Tsukasa Oishi,Tsukasa Oishi,0.166666667,2014
Tsung-Chan Tsai,Tsung-Chan Tsai,0.333333333,2012
Tsung-Ching Huang,Tsung-Ching Huang,1,2016
Tsung-Yuan Charlie Tai,Tsung-Yuan Charlie Tai,0.2,2013
Tsutomu Yoshinaga,Tsutomu Yoshinaga,0.25,2009
Tudor Dumitras,Tudor Dumitras,2,2003
Tulika Mitra,Tulika Mitra,0.666666667,2017
Turbo Majumder,Turbo Majumder,2.5,2015
Tushar Krishna,Tushar Krishna,8.65,2009
Tushar N. K. Jain,Tushar N. K. Jain,1,2010
Twan Basten,Twan Basten,1.25,2003
Tzyy-Juin Kao,Tzyy-Juin Kao,1,2016
Ujjwal Gupta,Ujjwal Gupta,1,2016
Ulf Schlichtmann,Ulf Schlichtmann,0.616666667,2013
Uzi Vishkin,Uzi Vishkin,0.583333333,2008
V. Catalano,V. Catalano,0.25,2008
Vahideh Akhlaghi,Vahideh Akhlaghi,1,2013
Vaishnav Srinivas,Vaishnav Srinivas,0.111111111,2016
Valentin Puente,Valentin Puente,1.2,2007
Valentino Peluso,Valentino Peluso,0.333333333,2018
Valeria Bertacco,Valeria Bertacco,4.083333333,2009
Van-Dung Pham,Van-Dung Pham,0.333333333,2017
Varun Bhat,Varun Bhat,0.583333333,2018
Vasantha Erraguntla,Vasantha Erraguntla,0.090909091,2008
Vasil Pano,Vasil Pano,1,2019
Vasilis F. Pavlidis,Vasilis F. Pavlidis,2,2007
Vassilios Papaefstathiou,Vassilios Papaefstathiou,0.5,2018
Vassilis Papaefstathiou,Vassilis Papaefstathiou,0.5,2014
Vassos Soteriou,Vassos Soteriou,3.2,2006
Veerle Simons,Veerle Simons,0.071428571,2011
Venkata Yaswanth Raparti,Venkata Yaswanth Raparti,3.5,2015
Venkatesh Akella,Venkatesh Akella,1.166666667,2010
Victor V. Zyuban,Victor V. Zyuban,0.5,2005
Victoria Vishnyakov,Victoria Vishnyakov,0.5,2005
Vijay Degalahal,Vijay Degalahal,0.142857143,2006
Vijay Laxmi,Vijay Laxmi,1,2014
Vijaykrishnan Narayanan,Vijaykrishnan Narayanan,0.65,2008
Vikas Chandra,Vikas Chandra,1,2004
Vincent Beroulle,Vincent Beroulle,0.45,2007
Vincent Nollet,Vincent Nollet,2,2004
Vincenzo Catania,Vincenzo Catania,4.866666667,2004
Vineeth Govind,Vineeth Govind,0.25,2015
Vipin Kumar Kukkala,Vipin Kumar Kukkala,1,2017
Vladimir Cherman,Vladimir Cherman,0.083333333,2011
Vladimir Pasca,Vladimir Pasca,1,2010
Vladimir Stojanovic,Vladimir Stojanovic,1.035714286,2009
Vladimir Todorov,Vladimir Todorov,1.25,2013
V¨ªctor Vi?als,V¨ªctor Vi?als,0.342857143,2014
W. Scott Lee,W. Scott Lee,0.333333333,2008
Wai Hong Ho,Wai Hong Ho,1,2003
Walid Lafi,Walid Lafi,1.25,2011
Wander O. Ces¨¢rio,Wander O. Ces¨¢rio,0.5,2004
Wanli Chang,Wanli Chang,0.333333333,2019
Warren Jin 0002,Warren Jin 0002,0.333333333,2016
Warren Rieutort-Louis,Warren Rieutort-Louis,0.125,2016
Wayne Burleson,Wayne Burleson,0.25,2014
Wayne H. Cheng,Wayne H. Cheng,0.5,2009
Wayne H. Wolf,Wayne H. Wolf,2,2004
Wayne Luk,Wayne Luk,0.416666667,2007
Wayne P. Burleson,Wayne P. Burleson,1.2,2007
Wei Ding,Wei Ding,0.666666667,2012
Wei Huang 0004,Wei Huang 0004,0.5,2011
Wei Hwang,Wei Hwang,0.25,2008
Wei Jiang,Wei Jiang,0.25,2006
Wei Song 0002,Wei Song 0002,1,2009
Wei Zhang 0012,Wei Zhang 0012,1.25,2009
Wei-Han Cho,Wei-Han Cho,0.25,2019
Wei-Li Fang,Wei-Li Fang,0.5,2008
Weichen Liu,Weichen Liu,3.055555556,2010
Weidong Kuang,Weidong Kuang,0.333333333,2011
Wein-Tsung Shen,Wein-Tsung Shen,1,2007
Weiwei Jiang,Weiwei Jiang,1.5,2017
Weiwu Hu,Weiwu Hu,1,2009
Weixing Ji,Weixing Ji,0.75,2009
Wen Zong,Wen Zong,1.5,2015
Wen-Ben Jone,Wen-Ben Jone,0.666666667,2006
Wen-Hsiang Hu,Wen-Hsiang Hu,0.5,2011
Wenbo Dai,Wenbo Dai,1,2014
Weng-Fai Wong,Weng-Fai Wong,0.333333333,2020
Wenhua Dou,Wenhua Dou,0.333333333,2009
Wilfried Haensch,Wilfried Haensch,0.166666667,2007
William Fornaciari,William Fornaciari,0.5,2013
William J. Dally,William J. Dally,6.208333333,2001
William Rayess,William Rayess,0.166666667,2013
Wim Dehaene,Wim Dehaene,0.529411765,2005
Wolf-Dietrich Weber,Wolf-Dietrich Weber,1,2005
Wolfgang E. Denzel,Wolfgang E. Denzel,0.2,2011
Wolfgang Rosenstiel,Wolfgang Rosenstiel,0.583333333,2004
Wonje Choi,Wonje Choi,0.5,2017
Woo-Cheol Kwon,Woo-Cheol Kwon,3.583333333,2008
Wooyoung Jang,Wooyoung Jang,1,2010
Wounjhang Park,Wounjhang Park,0.142857143,2009
Wouter Ruythooren,Wouter Ruythooren,0.047619048,2011
Xavier Letartre,Xavier Letartre,0.25,2015
Xavier Martorell,Xavier Martorell,0.166666667,2015
Xavier Popon,Xavier Popon,0.1,2009
Xavier Timoneda,Xavier Timoneda,1,2018
Xi Chen,Xi Chen,1.5,2012
Xia Zhao,Xia Zhao,2,2016
Xian Li,Xian Li,0.5,2015
Xian Xiao,Xian Xiao,0.25,2018
Xiang Gao,Xiang Gao,0.333333333,2009
Xiang Wu,Xiang Wu,1,2007
Xiang Zhang,Xiang Zhang,1.25,2009
Xiang-Hui Xie 0001,Xiang-Hui Xie 0001,0.25,2015
Xiangyang Li,Xiangyang Li,0.333333333,2016
Xiangyao Yu,Xiangyao Yu,0.333333333,2012
Xiangyu Dong,Xiangyu Dong,0.833333333,2010
Xiangyuan Liu,Xiangyuan Liu,0.5,2007
Xianyang Jiang,Xianyang Jiang,0.333333333,2012
Xiaobin Liu,Xiaobin Liu,0.333333333,2014
Xiaochen Guo,Xiaochen Guo,0.75,2019
Xiaohang Wang,Xiaohang Wang,4.666666667,2013
Xiaolang Yan,Xiaolang Yan,0.333333333,2014
Xiaoli Ma,Xiaoli Ma,0.25,2019
Xiaowei He,Xiaowei He,0.25,2018
Xiaowei Li 0001,Xiaowei Li 0001,1.216666667,2010
Xiaowei Ren,Xiaowei Ren,0.333333333,2014
Xiaowen Chen,Xiaowen Chen,2.5,2010
Xiaowen Wu,Xiaowen Wu,1.241666667,2010
Xiaoxia Wu,Xiaoxia Wu,1,2010
Xin Wang,Xin Wang,1,2007
Xinmin Yu,Xinmin Yu,0.833333333,2012
Xinping Zhu,Xinping Zhu,1,2004
Xinyu Li,Xinyu Li,0.5,2012
Xiuyi Zhou,Xiuyi Zhou,0.25,2009
Xizi Chen,Xizi Chen,0.333333333,2018
Xuan Wang 0001,Xuan Wang 0001,0.95,2010
Xuan-Tu Tran,Xuan-Tu Tran,2.166666667,2007
Xuanqi Chen,Xuanqi Chen,0.50952381,2016
Xueqian Zhao,Xueqian Zhao,1.333333333,2013
Xuezhe Zheng,Xuezhe Zheng,0.45,2010
Xun Jian,Xun Jian,1,2017
Xuning Chen,Xuning Chen,1,2005
Yadong Wang,Yadong Wang,0.5,2020
Yan Pan,Yan Pan,2.5,2009
Yan Solihin,Yan Solihin,0.166666667,2013
Yan Tang,Yan Tang,0.2,2008
Yanchen Long,Yanchen Long,1,2014
Yang Guo,Yang Guo,0.25,2017
Yang Xu 0010,Yang Xu 0010,0.333333333,2011
Yang Yang,Yang Yang,0.25,2016
Yang Zhang,Yang Zhang,0.25,2011
Yangdi Lyu,Yangdi Lyu,0.5,2019
Yanghao Ou,Yanghao Ou,0.5,2016
Yaniv Ben-Itzhak,Yaniv Ben-Itzhak,3,2011
Yanjing Li,Yanjing Li,0.342857143,2019
Yann LeCun,Yann LeCun,0.25,1992
Yao Wang 0008,Yao Wang 0008,1.5,2012
Yao Xiao,Yao Xiao,1,2018
Yaohua Wang,Yaohua Wang,0.25,2016
Yaoyao Ye,Yaoyao Ye,0.660714286,2010
Yashar Asgarieh,Yashar Asgarieh,1,2016
Yasmin Afsar,Yasmin Afsar,0.333333333,2016
Yasuhiro Take,Yasuhiro Take,1.033333333,2011
Yasuko Eckert,Yasuko Eckert,0.333333333,2020
Yasunao Katayama,Yasunao Katayama,1,2007
Yasunobu Nakase,Yasunobu Nakase,0.25,2014
Yasuyuki Suzuki,Yasuyuki Suzuki,0.25,2016
Yatin Hoskote,Yatin Hoskote,1.153846154,2007
Yatin Vasant Hoskote,Yatin Vasant Hoskote,0.2,2009
Yatish Patel,Yatish Patel,0.5,2009
Yawara Ishida,Yawara Ishida,0.5,2016
Ye Lu 0003,Ye Lu 0003,0.5,2012
Ye-Sheng Kuo,Ye-Sheng Kuo,0.333333333,2015
Yean-Ru Chen,Yean-Ru Chen,1.5,2012
Yebin Shi,Yebin Shi,0.4,2007
Yehia Massoud,Yehia Massoud,0.25,2007
Yenai Ma,Yenai Ma,0.476190476,2015
Yi Wang,Yi Wang,0.5,2012
Yi Wang 0007,Yi Wang 0007,1.5,2008
Yi Xu,Yi Xu,3,2009
Yi-Chao Chan,Yi-Chao Chan,0.25,2009
Yi-Jung Chen,Yi-Jung Chen,1,2010
Yifan Yuan,Yifan Yuan,0.333333333,2019
Yigit Demir,Yigit Demir,2,2015
Yihe Sun,Yihe Sun,0.325,2009
Yilei Li,Yilei Li,0.2,2019
Yilin Zhang,Yilin Zhang,0.5,2009
Yiming Ouyang,Yiming Ouyang,0.166666667,2017
Yin-Ling Wang,Yin-Ling Wang,0.333333333,2008
Ying Fei Teh,Ying Fei Teh,0.5,2012
Ying Gao 0001,Ying Gao 0001,0.5,2013
Ying Wang 0001,Ying Wang 0001,1,2016
Ying Zhang 0040,Ying Zhang 0040,0.5,2019
Ying-Cherng Lan,Ying-Cherng Lan,2,2009
Yingtao Jiang,Yingtao Jiang,0.25,2013
Yingzhe Hu,Yingzhe Hu,0.25,2016
Yinhe Han,Yinhe Han,2.416666667,2010
Yiping Fan,Yiping Fan,0.5,2006
Yiping Kang,Yiping Kang,0.333333333,2014
Yiyuan Xie,Yiyuan Xie,2.2,2010
Yo-Hao Tu,Yo-Hao Tu,0.333333333,2019
Yong Zou 0001,Yong Zou 0001,0.5,2011
Yong-Jin Kwon,Yong-Jin Kwon,1,2009
YongHwan Kim,YongHwan Kim,0.5,2007
Yongliang Zhang,Yongliang Zhang,0.5,2017
Yoonmyung Lee,Yoonmyung Lee,0.5,2015
Yoshi Shih-Chieh Huang,Yoshi Shih-Chieh Huang,2.5,2010
Youcef Bouchebaba,Youcef Bouchebaba,0.333333333,2007
Youjie Li,Youjie Li,1,2019
Young Hoon Kang,Young Hoon Kang,2,2009
Young-Jin Yoon,Young-Jin Yoon,2,2010
Young-Pyo Joo,Young-Pyo Joo,1,2009
Youngchul Cho,Youngchul Cho,1,2003
Youngeun Kwon,Youngeun Kwon,0.333333333,2020
Youssef Travaly,Youssef Travaly,0.028571429,2011
Youtao Zhang,Youtao Zhang,1.033333333,2009
Yu Du,Yu Du,0.5,2009
Yu Hen Hu,Yu Hen Hu,0.5,2009
Yu Zhang,Yu Zhang,0.2,2009
Yu-An Tan,Yu-An Tan,0.125,2009
Yu-Chi Chang,Yu-Chi Chang,0.5,2012
Yu-Hsiang Kao,Yu-Hsiang Kao,2,2010
Yu-Kai Chuang,Yu-Kai Chuang,1,2018
Yu-Kuang Lien,Yu-Kuang Lien,0.333333333,2007
Yuan Du,Yuan Du,0.166666667,2019
Yuan Xie 0001,Yuan Xie 0001,3.566666667,2005
Yuan Yao 0009,Yuan Yao 0009,4.5,2014
Yuan-Ying Chang,Yuan-Ying Chang,1.25,2012
Yuankun Xue,Yuankun Xue,4.25,2014
Yuanrui Zhang,Yuanrui Zhang,0.25,2012
Yuanwu Lei,Yuanwu Lei,0.333333333,2016
Yuch-Chi Yang,Yuch-Chi Yang,0.25,2019
Yuchen Hao,Yuchen Hao,0.333333333,2015
Yue Qian,Yue Qian,1,2009
Yue Yu,Yue Yu,0.5,2010
Yue-Kai Huang,Yue-Kai Huang,0.25,2005
Yueh-Chi Lin,Yueh-Chi Lin,0.666666667,2009
Yuh-Fang Tsai,Yuh-Fang Tsai,1,2005
Yuho Jin,Yuho Jin,1.5,2007
Yuichi Nakamura,Yuichi Nakamura,0.125,2016
Yuki Ono,Yuki Ono,0.2,2011
Yukinori Nishiyama,Yukinori Nishiyama,0.166666667,2011
Yuming Jiang,Yuming Jiang,0.333333333,2014
Yunfan Li,Yunfan Li,1,2020
Yung-Chang Chang,Yung-Chang Chang,1,2011
Yunji Chen,Yunji Chen,0.25,2009
Yury Markovsky,Yury Markovsky,1,2009
Yusuke Koizumi,Yusuke Koizumi,0.5,2013
Yuxi Liu,Yuxi Liu,0.333333333,2016
Yuyang Wang,Yuyang Wang,0.5,2017
Yvain Thonnart,Yvain Thonnart,7.566666667,2007
Yves Durand,Yves Durand,0.25,2008
Yves Lhuillier,Yves Lhuillier,0.333333333,2013
Yves Lou?t,Yves Lou?t,0.2,2014
Yves Vanderperren,Yves Vanderperren,1,2005
Zaid Al-Ars,Zaid Al-Ars,0.25,2013
Zainalabedin Navabi,Zainalabedin Navabi,0.583333333,2007
Zana Ghaderi,Zana Ghaderi,1,2017
Zebo Peng,Zebo Peng,0.666666667,2005
Zeljko Zilic,Zeljko Zilic,1,2007
Zeshan Chishti,Zeshan Chishti,1,2005
Zeyu Zhang,Zeyu Zhang,0.333333333,2017
Zhe Wang 0003,Zhe Wang 0003,1.1,2015
Zhehui Wang,Zhehui Wang,2.241666667,2011
Zhen Zhang,Zhen Zhang,2,2008
Zheng Li,Zheng Li,2,2009
Zheng Shi,Zheng Shi,2,2008
Zheng Xu 0006,Zheng Xu 0006,0.5,2012
Zhengbin Pang,Zhengbin Pang,1,2017
Zhenmin Li,Zhenmin Li,0.333333333,2017
Zhenyu Zhao,Zhenyu Zhao,0.5,2018
Zhibin Xiao,Zhibin Xiao,0.1,2009
Zhibin Yu 0001,Zhibin Yu 0001,0.333333333,2019
Zhida Hui,Zhida Hui,0.5,2015
Zhifei Wang,Zhifei Wang,0.853968254,2015
Zhifeng Lin,Zhifeng Lin,0.5,2018
Zhigang Yu,Zhigang Yu,0.25,2014
Zhiliang Qian,Zhiliang Qian,2,2012
Zhilu Wang,Zhilu Wang,0.5,2017
Zhiru Zhang,Zhiru Zhang,0.2,2006
Zhiyi Yu,Zhiyi Yu,0.25,2009
Zhiying Wang,Zhiying Wang,2.533333333,2008
Zhiyoong Foo,Zhiyoong Foo,0.25,2015
Zhongfeng Wang,Zhongfeng Wang,0.2,2011
Zhonghai Lu,Zhonghai Lu,15.28333333,2007
Zhongqi Cheng,Zhongqi Cheng,0.5,2018
Zhongsheng Chen,Zhongsheng Chen,1,2019
Zhuofan Liao,Zhuofan Liao,0.333333333,2018
Zi-Rong Wangt,Zi-Rong Wangt,0.5,2013
Zicong Wang,Zicong Wang,1,2017
Zied Marrakchi,Zied Marrakchi,1,2007
Zimo Li,Zimo Li,1,2016
Zuo Wang,Zuo Wang,1,2009
Zvika Guz,Zvika Guz,0.5,2007
¨¦rika F. Cota,¨¦rika F. Cota,1.833333333,2003
?v¨¹n? Kocabas,?v¨¹n? Kocabas,0.333333333,2012
¨¹mit Y. Ogras,¨¹mit Y. Ogras,17.06904762,2005
